,x10,x20,training_time,const_lambda,const_vel,x1,x2,t,psi,rho,p1,p2
0,-5.0,-5.0,749.2756,0.0,3.0,-4.9549675,-4.9710035,0.0,1.0413381,-0.19806147,-0.10003407,-0.17094307
1,-5.0,-5.0,749.2756,0.0,3.0,-4.8772745,-4.843555,0.049641512,1.0005654,-0.19040993,-0.102788314,-0.16028258
2,-5.0,-5.0,749.2756,0.0,3.0,-4.7943287,-4.719422,0.099283025,0.9593719,-0.18321264,-0.105170354,-0.15002023
3,-5.0,-5.0,749.2756,0.0,3.0,-4.706294,-4.598874,0.14892453,0.91817766,-0.17652622,-0.1071989,-0.14024943
4,-5.0,-5.0,749.2756,0.0,3.0,-4.613434,-4.482076,0.19856605,0.87743753,-0.17038274,-0.108895704,-0.13104199
5,-5.0,-5.0,749.2756,0.0,3.0,-4.516053,-4.3691673,0.24820755,0.8376388,-0.16479999,-0.11028732,-0.12245711
6,-5.0,-5.0,749.2756,0.0,3.0,-4.414466,-4.26024,0.29784906,0.7992774,-0.1597805,-0.11140294,-0.11453906
7,-5.0,-5.0,749.2756,0.0,3.0,-4.3089705,-4.1553006,0.34749058,0.76282346,-0.15530911,-0.11227109,-0.10731319
8,-5.0,-5.0,749.2756,0.0,3.0,-4.199881,-4.0542555,0.3971321,0.7286986,-0.15135309,-0.11291571,-0.100785926
9,-5.0,-5.0,749.2756,0.0,3.0,-4.0875278,-3.9569125,0.4467736,0.6972636,-0.14786658,-0.11335484,-0.09494844
10,-5.0,-5.0,749.2756,0.0,3.0,-3.9722645,-3.8629997,0.4964151,0.6688123,-0.14479521,-0.11360034,-0.089780934
11,-5.0,-5.0,749.2756,0.0,3.0,-3.8544664,-3.772204,0.5460566,0.6435708,-0.14208318,-0.11366061,-0.08525783
12,-5.0,-5.0,749.2756,0.0,3.0,-3.7345185,-3.6841664,0.5956981,0.6216981,-0.13967553,-0.11354093,-0.08134931
13,-5.0,-5.0,749.2756,0.0,3.0,-3.6127958,-3.5985177,0.64533967,0.60328454,-0.13752224,-0.113246344,-0.07802328
14,-5.0,-5.0,749.2756,0.0,3.0,-3.4896538,-3.514868,0.69498116,0.5883572,-0.13557625,-0.11277959,-0.07524417
15,-5.0,-5.0,749.2756,0.0,3.0,-3.365416,-3.4328208,0.74462265,0.5768813,-0.13379553,-0.11214309,-0.072973765
16,-5.0,-5.0,749.2756,0.0,3.0,-3.240381,-3.351977,0.7942642,0.5687679,-0.13214137,-0.11133772,-0.0711706
17,-5.0,-5.0,749.2756,0.0,3.0,-3.1148145,-3.2719402,0.8439057,0.5638832,-0.13057923,-0.110363744,-0.069790974
18,-5.0,-5.0,749.2756,0.0,3.0,-2.9889688,-3.192322,0.8935472,0.56205904,-0.12907907,-0.109221496,-0.068790056
19,-5.0,-5.0,749.2756,0.0,3.0,-2.8630772,-3.112755,0.9431887,0.5631058,-0.12761708,-0.10791316,-0.06812392
20,-5.0,-5.0,749.2756,0.0,3.0,-2.7373595,-3.0328903,0.9928302,0.5668239,-0.12617582,-0.10644326,-0.06775078
21,-5.0,-5.0,749.2756,0.0,3.0,-2.6120305,-2.9524083,1.0424716,0.57300997,-0.12474542,-0.1048202,-0.067632444
22,-5.0,-5.0,749.2756,0.0,3.0,-2.487292,-2.87101,1.0921133,0.5814686,-0.123323336,-0.103056,-0.06773555
23,-5.0,-5.0,749.2756,0.0,3.0,-2.3633351,-2.7884283,1.1417547,0.5920139,-0.12191376,-0.1011663,-0.068031944
24,-5.0,-5.0,749.2756,0.0,3.0,-2.2403426,-2.704423,1.1913962,0.60447335,-0.12052617,-0.09916912,-0.0684985
25,-5.0,-5.0,749.2756,0.0,3.0,-2.1184878,-2.618778,1.2410377,0.61868775,-0.11917401,-0.09708394,-0.06911695
26,-5.0,-5.0,749.2756,0.0,3.0,-1.9979366,-2.5313048,1.2906792,0.63451093,-0.1178734,-0.09493072,-0.06987344
27,-5.0,-5.0,749.2756,0.0,3.0,-1.8788501,-2.441835,1.3403208,0.65180826,-0.116641805,-0.09272885,-0.07075783
28,-5.0,-5.0,749.2756,0.0,3.0,-1.7613841,-2.3502235,1.3899622,0.6704546,-0.11549674,-0.090496235,-0.07176301
29,-5.0,-5.0,749.2756,0.0,3.0,-1.6456943,-2.2563462,1.4396037,0.69033414,-0.11445608,-0.088249445,-0.072885044
30,-5.0,-5.0,749.2756,0.0,3.0,-1.5319333,-2.1600971,1.4892453,0.7113408,-0.11353731,-0.086003065,-0.07412284
31,-5.0,-5.0,749.2756,0.0,3.0,-1.4202546,-2.0613952,1.5388868,0.73337543,-0.11275714,-0.08376944,-0.0754775
32,-5.0,-5.0,749.2756,0.0,3.0,-1.3108107,-1.9601715,1.5885283,0.7563476,-0.11213249,-0.08155928,-0.076953106
33,-5.0,-5.0,749.2756,0.0,3.0,-1.2037532,-1.8563828,1.6381698,0.78017634,-0.11167901,-0.07938027,-0.07855555
34,-5.0,-5.0,749.2756,0.0,3.0,-1.0992353,-1.7500025,1.6878113,0.8047873,-0.11141172,-0.07723779,-0.08029256
35,-5.0,-5.0,749.2756,0.0,3.0,-0.9974062,-1.6410251,1.7374529,0.8301134,-0.111344844,-0.07513461,-0.08217338
36,-5.0,-5.0,749.2756,0.0,3.0,-0.89841187,-1.529462,1.7870944,0.8560946,-0.111490756,-0.07307017,-0.08420771
37,-5.0,-5.0,749.2756,0.0,3.0,-0.80239445,-1.4153397,1.8367358,0.8826724,-0.11186071,-0.071041524,-0.08640556
38,-5.0,-5.0,749.2756,0.0,3.0,-0.7094884,-1.298699,1.8863775,0.90978897,-0.11246489,-0.069043584,-0.08877689
39,-5.0,-5.0,749.2756,0.0,3.0,-0.61982065,-1.1795903,1.936019,0.9373817,-0.113312714,-0.06706985,-0.0913313
40,-5.0,-5.0,749.2756,0.0,3.0,-0.5335098,-1.0580685,1.9856603,0.9653807,-0.11441479,-0.065113895,-0.09407935
41,-5.0,-5.0,749.2756,0.0,3.0,-0.4506651,-0.93418723,2.035302,0.9937057,-0.1157835,-0.06317009,-0.09703277
42,-5.0,-5.0,749.2756,0.0,3.0,-0.37139013,-0.8079986,2.0849433,1.0222629,-0.117434174,-0.061234444,-0.10020543
43,-5.0,-5.0,749.2756,0.0,3.0,-0.2957791,-0.6795493,2.134585,1.0509477,-0.11938588,-0.059304792,-0.10361434
44,-5.0,-5.0,749.2756,0.0,3.0,-0.22391611,-0.54888827,2.1842265,1.0796448,-0.12165885,-0.057379376,-0.107277595
45,-5.0,-5.0,749.2756,0.0,3.0,-0.15586695,-0.416091,2.233868,1.1082318,-0.124271855,-0.055455647,-0.11121225
46,-5.0,-5.0,749.2756,0.0,3.0,-0.09165916,-0.28128788,2.2835095,1.1365836,-0.12723313,-0.053526513,-0.11542609
47,-5.0,-5.0,749.2756,0.0,3.0,-0.03125743,-0.14471862,2.333151,1.1645772,-0.13053164,-0.051578134,-0.11990915
48,-5.0,-5.0,749.2756,0.0,3.0,0.025468748,-0.006794419,2.3827925,1.1920902,-0.13412365,-0.049588013,-0.12462016
49,-5.0,-5.0,749.2756,0.0,3.0,-4.951802,-4.9733458,0.0,1.036872,-0.18517624,-0.094239034,-0.15940277
50,-5.0,-5.0,749.2756,0.0,3.0,-4.873902,-4.8459735,0.049607918,0.99876887,-0.1771378,-0.0958914,-0.14893839
51,-5.0,-5.0,749.2756,0.0,3.0,-4.7912207,-4.721726,0.099215835,0.9592424,-0.16961801,-0.09738456,-0.13887592
52,-5.0,-5.0,749.2756,0.0,3.0,-4.703707,-4.600951,0.14882375,0.91893834,-0.16264865,-0.09867316,-0.12929884
53,-5.0,-5.0,749.2756,0.0,3.0,-4.611431,-4.4838758,0.19843167,0.87857264,-0.15623541,-0.09971734,-0.1202745
54,-5.0,-5.0,749.2756,0.0,3.0,-4.514569,-4.3706627,0.2480396,0.8388638,-0.15037489,-0.100496806,-0.11186151
55,-5.0,-5.0,749.2756,0.0,3.0,-4.413379,-4.2614207,0.2976475,0.8004751,-0.14506069,-0.1010153,-0.10410818
56,-5.0,-5.0,749.2756,0.0,3.0,-4.308181,-4.156155,0.34725544,0.76397735,-0.14028093,-0.10129549,-0.0970462
57,-5.0,-5.0,749.2756,0.0,3.0,-4.1993384,-4.0547695,0.39686334,0.7298349,-0.13601458,-0.10136956,-0.09068726
58,-5.0,-5.0,749.2756,0.0,3.0,-4.087233,-3.9570665,0.44647127,0.6984151,-0.13222879,-0.101269044,-0.08502374
59,-5.0,-5.0,749.2756,0.0,3.0,-3.9722614,-3.8627772,0.4960792,0.6700001,-0.12887834,-0.10101763,-0.08003165
60,-5.0,-5.0,749.2756,0.0,3.0,-3.854815,-3.7715821,0.5456871,0.6448002,-0.12590794,-0.10062814,-0.075675555
61,-5.0,-5.0,749.2756,0.0,3.0,-3.7352753,-3.6831355,0.595295,0.6229625,-0.12325721,-0.10010379,-0.071913645
62,-5.0,-5.0,749.2756,0.0,3.0,-3.613998,-3.5970747,0.64490294,0.6045735,-0.12086477,-0.099440835,-0.068700895
63,-5.0,-5.0,749.2756,0.0,3.0,-3.4913156,-3.5130231,0.6945109,0.5896599,-0.11867332,-0.09863294,-0.06599167
64,-5.0,-5.0,749.2756,0.0,3.0,-3.3675349,-3.4305973,0.74411875,0.5781934,-0.116632946,-0.097674415,-0.06374129
65,-5.0,-5.0,749.2756,0.0,3.0,-3.2429328,-3.3494074,0.7937267,0.5700917,-0.11470272,-0.096562654,-0.061906118
66,-5.0,-5.0,749.2756,0.0,3.0,-3.1177757,-3.269058,0.8433347,0.56522727,-0.112851456,-0.09529932,-0.060444117
67,-5.0,-5.0,749.2756,0.0,3.0,-2.992312,-3.1891644,0.89294255,0.56343716,-0.111056484,-0.093889855,-0.05931474
68,-5.0,-5.0,749.2756,0.0,3.0,-2.8667808,-3.1093462,0.9425505,0.56453204,-0.10930293,-0.09234339,-0.058479313
69,-5.0,-5.0,749.2756,0.0,3.0,-2.7414055,-3.029243,0.9921584,0.56830764,-0.10758158,-0.09067115,-0.0579011
70,-5.0,-5.0,749.2756,0.0,3.0,-2.6164029,-2.9485214,1.0417663,0.5745533,-0.10588814,-0.08888623,-0.05754596
71,-5.0,-5.0,749.2756,0.0,3.0,-2.4919786,-2.8668752,1.0913742,0.5830594,-0.10422216,-0.0870028,-0.057382684
72,-5.0,-5.0,749.2756,0.0,3.0,-2.3683236,-2.7840319,1.1409822,0.5936245,-0.10258626,-0.085035674,-0.057383582
73,-5.0,-5.0,749.2756,0.0,3.0,-2.245621,-2.6997473,1.19059,0.60605854,-0.10098646,-0.08300073,-0.057525158
74,-5.0,-5.0,749.2756,0.0,3.0,-2.1240418,-2.6138184,1.2401979,0.6201867,-0.099431716,-0.08091455,-0.05778843
75,-5.0,-5.0,749.2756,0.0,3.0,-2.003752,-2.5260637,1.2898058,0.63584876,-0.09793463,-0.07879507,-0.058159523
76,-5.0,-5.0,749.2756,0.0,3.0,-1.8849094,-2.436336,1.3394138,0.6529024,-0.096511,-0.076661,-0.058629893
77,-5.0,-5.0,749.2756,0.0,3.0,-1.7676692,-2.3445067,1.3890216,0.67122006,-0.09517972,-0.074531764,-0.059196252
78,-5.0,-5.0,749.2756,0.0,3.0,-1.6521828,-2.250471,1.4386295,0.6906901,-0.09396238,-0.07242682,-0.059860546
79,-5.0,-5.0,749.2756,0.0,3.0,-1.5386007,-2.1541388,1.4882375,0.7112148,-0.09288197,-0.07036455,-0.06062913
80,-5.0,-5.0,749.2756,0.0,3.0,-1.4270674,-2.0554366,1.5378454,0.7327095,-0.09196188,-0.06836122,-0.061512046
81,-5.0,-5.0,749.2756,0.0,3.0,-1.3177285,-1.954304,1.5874532,0.7551008,-0.091224715,-0.06643006,-0.062521964
82,-5.0,-5.0,749.2756,0.0,3.0,-1.2107258,-1.850692,1.6370612,0.77832544,-0.090691,-0.06458018,-0.063673064
83,-5.0,-5.0,749.2756,0.0,3.0,-1.106199,-1.7445693,1.6866691,0.8023287,-0.09037816,-0.06281592,-0.064979784
84,-5.0,-5.0,749.2756,0.0,3.0,-1.004287,-1.635915,1.7362772,0.82706034,-0.09030026,-0.06113708,-0.06645597
85,-5.0,-5.0,749.2756,0.0,3.0,-0.90512586,-1.5247251,1.7858851,0.852475,-0.09046781,-0.05953883,-0.06811426
86,-5.0,-5.0,749.2756,0.0,3.0,-0.8088496,-1.411012,1.8354928,0.87852544,-0.09088842,-0.05801289,-0.06996577
87,-5.0,-5.0,749.2756,0.0,3.0,-0.7155895,-1.2948024,1.885101,0.9051637,-0.091567636,-0.056548215,-0.07202035
88,-5.0,-5.0,749.2756,0.0,3.0,-0.62547565,-1.1761377,1.9347088,0.9323322,-0.0925104,-0.05513276,-0.07428697
89,-5.0,-5.0,749.2756,0.0,3.0,-0.5386329,-1.0550696,1.9843167,0.95996475,-0.093722984,-0.05375471,-0.076775186
90,-5.0,-5.0,749.2756,0.0,3.0,-0.45518288,-0.93165183,2.0339246,0.987982,-0.09521471,-0.05240388,-0.07949638
91,-5.0,-5.0,749.2756,0.0,3.0,-0.37524217,-0.8059379,2.0835326,1.0162908,-0.09699892,-0.05107216,-0.08246469
92,-5.0,-5.0,749.2756,0.0,3.0,-0.29891774,-0.6779751,2.1331403,1.0447865,-0.099094816,-0.049754176,-0.08569892
93,-5.0,-5.0,749.2756,0.0,3.0,-0.22630362,-0.54780823,2.1827483,1.0733527,-0.10152622,-0.048446342,-0.08922178
94,-5.0,-5.0,749.2756,0.0,3.0,-0.15747309,-0.4155,2.2323563,1.1018673,-0.10431894,-0.047144983,-0.093058005
95,-5.0,-5.0,749.2756,0.0,3.0,-0.09246635,-0.28116482,2.281964,1.1302027,-0.10749541,-0.04584427,-0.09722945
96,-5.0,-5.0,749.2756,0.0,3.0,-0.03127909,-0.14502907,2.3315723,1.1582271,-0.11106605,-0.044533525,-0.10174691
97,-5.0,-5.0,749.2756,0.0,3.0,0.026153091,-0.0075019,2.38118,1.1858045,-0.11501892,-0.04319554,-0.1065997
98,-5.0,-5.0,749.2756,0.0,3.0,-4.9476705,-4.981269,0.0,1.0294772,-0.17131418,-0.088272534,-0.14682135
99,-5.0,-5.0,749.2756,0.0,3.0,-4.8693867,-4.8539686,0.049596094,0.9902053,-0.16340609,-0.08963122,-0.13663013
100,-5.0,-5.0,749.2756,0.0,3.0,-4.7861433,-4.729958,0.09919219,0.94999933,-0.15592712,-0.090700254,-0.12683348
101,-5.0,-5.0,749.2756,0.0,3.0,-4.697956,-4.609519,0.14878827,0.9094649,-0.14891085,-0.091456294,-0.11751675
102,-5.0,-5.0,749.2756,0.0,3.0,-4.604981,-4.49279,0.19838437,0.869237,-0.1423986,-0.09190541,-0.10876928
103,-5.0,-5.0,749.2756,0.0,3.0,-4.507469,-4.3798623,0.24798046,0.82994795,-0.1364355,-0.09208225,-0.10067524
104,-5.0,-5.0,749.2756,0.0,3.0,-4.4057245,-4.2707806,0.29757655,0.7921863,-0.13105461,-0.09203842,-0.09329652
105,-5.0,-5.0,749.2756,0.0,3.0,-4.300089,-4.165523,0.34717265,0.75646424,-0.12626366,-0.09182744,-0.086661614
106,-5.0,-5.0,749.2756,0.0,3.0,-4.1909323,-4.0639935,0.39676875,0.723202,-0.122039124,-0.09149158,-0.0807641
107,-5.0,-5.0,749.2756,0.0,3.0,-4.0786347,-3.9660149,0.44636482,0.692728,-0.11832924,-0.09105514,-0.075569645
108,-5.0,-5.0,749.2756,0.0,3.0,-3.9635792,-3.8713455,0.49596092,0.6652881,-0.115062565,-0.090524204,-0.07102649
109,-5.0,-5.0,749.2756,0.0,3.0,-3.8461394,-3.7796881,0.545557,0.64105505,-0.11216004,-0.08989238,-0.06707634
110,-5.0,-5.0,749.2756,0.0,3.0,-3.7266831,-3.6907153,0.5951531,0.6201372,-0.109543994,-0.08914676,-0.06366114
111,-5.0,-5.0,749.2756,0.0,3.0,-3.6055489,-3.6040678,0.6447492,0.6025816,-0.1071461,-0.088275015,-0.06072733
112,-5.0,-5.0,749.2756,0.0,3.0,-3.4830604,-3.519368,0.6943453,0.5883789,-0.10491189,-0.08727007,-0.05822749
113,-5.0,-5.0,749.2756,0.0,3.0,-3.3595192,-3.4362283,0.74394137,0.57746726,-0.10280174,-0.086132236,-0.05611984
114,-5.0,-5.0,749.2756,0.0,3.0,-3.235204,-3.354257,0.7935375,0.5697398,-0.10078882,-0.08486836,-0.054366797
115,-5.0,-5.0,749.2756,0.0,3.0,-3.110377,-3.273066,0.84313357,0.5650517,-0.09885743,-0.083491124,-0.052934147
116,-5.0,-5.0,749.2756,0.0,3.0,-2.985285,-3.1922798,0.89272964,0.56323195,-0.09699896,-0.08201592,-0.05178985
117,-5.0,-5.0,749.2756,0.0,3.0,-2.8601577,-3.1115413,0.9423258,0.5640932,-0.09520875,-0.080458425,-0.05090333
118,-5.0,-5.0,749.2756,0.0,3.0,-2.7352142,-3.0305207,0.99192184,0.56744045,-0.09348366,-0.07883284,-0.050245166
119,-5.0,-5.0,749.2756,0.0,3.0,-2.6106548,-2.9489112,1.041518,0.5730803,-0.091820896,-0.077151105,-0.049787384
120,-5.0,-5.0,749.2756,0.0,3.0,-2.4866683,-2.8664455,1.091114,0.58082706,-0.09021747,-0.07542263,-0.04950373
121,-5.0,-5.0,749.2756,0.0,3.0,-2.3634274,-2.7828758,1.1407101,0.59050685,-0.08867034,-0.073654786,-0.04937006
122,-5.0,-5.0,749.2756,0.0,3.0,-2.2410948,-2.6979926,1.1903062,0.60196084,-0.087177634,-0.071854144,-0.049365185
123,-5.0,-5.0,749.2756,0.0,3.0,-2.1198235,-2.6116052,1.2399023,0.6150466,-0.085740075,-0.07002791,-0.049471732
124,-5.0,-5.0,749.2756,0.0,3.0,-1.9997597,-2.5235486,1.2894983,0.62964004,-0.08436121,-0.06818406,-0.049676426
125,-5.0,-5.0,749.2756,0.0,3.0,-1.8810472,-2.4336796,1.3390944,0.6456334,-0.08304924,-0.06633299,-0.0499711
126,-5.0,-5.0,749.2756,0.0,3.0,-1.763834,-2.3418615,1.3886905,0.66293514,-0.08181669,-0.06448704,-0.05035269
127,-5.0,-5.0,749.2756,0.0,3.0,-1.6482671,-2.2479799,1.4382865,0.68147,-0.08068019,-0.062660076,-0.05082331
128,-5.0,-5.0,749.2756,0.0,3.0,-1.534501,-2.151924,1.4878827,0.7011748,-0.079659775,-0.06086683,-0.05138978
129,-5.0,-5.0,749.2756,0.0,3.0,-1.422699,-2.0535932,1.5374788,0.7219985,-0.078778155,-0.059121937,-0.05206337
130,-5.0,-5.0,749.2756,0.0,3.0,-1.3130263,-1.9528993,1.5870749,0.7438988,-0.07805921,-0.057438627,-0.052858725
131,-5.0,-5.0,749.2756,0.0,3.0,-1.2056557,-1.8497618,1.6366711,0.76683915,-0.0775269,-0.0558277,-0.05379301
132,-5.0,-5.0,749.2756,0.0,3.0,-1.100763,-1.7441139,1.686267,0.7907847,-0.077204004,-0.054296624,-0.054884743
133,-5.0,-5.0,749.2756,0.0,3.0,-0.9985228,-1.6359031,1.7358632,0.81569934,-0.077111594,-0.052849147,-0.056153055
134,-5.0,-5.0,749.2756,0.0,3.0,-0.899107,-1.5250947,1.7854593,0.8415407,-0.07726795,-0.05148478,-0.057616442
135,-5.0,-5.0,749.2756,0.0,3.0,-0.80267936,-1.4116744,1.8350554,0.8682538,-0.077689685,-0.050199986,-0.05929291
136,-5.0,-5.0,749.2756,0.0,3.0,-0.70939136,-1.2956488,1.8846515,0.89576834,-0.078390166,-0.04898752,-0.061198376
137,-5.0,-5.0,749.2756,0.0,3.0,-0.6193835,-1.1770484,1.9342475,0.92399096,-0.07938178,-0.047838643,-0.0633477
138,-5.0,-5.0,749.2756,0.0,3.0,-0.53277904,-1.0559195,1.9838436,0.95280063,-0.080675565,-0.046743643,-0.06575393
139,-5.0,-5.0,749.2756,0.0,3.0,-0.4496873,-0.93232435,2.0334399,0.9820464,-0.08228274,-0.045693398,-0.06842925
140,-5.0,-5.0,749.2756,0.0,3.0,-0.37020704,-0.8063341,2.083036,1.0115467,-0.08421536,-0.04468048,-0.07138544
141,-5.0,-5.0,749.2756,0.0,3.0,-0.2944248,-0.6780215,2.1326318,1.0410885,-0.08648636,-0.04369994,-0.074633814
142,-5.0,-5.0,749.2756,0.0,3.0,-0.22241746,-0.5474651,2.182228,1.0704377,-0.08910939,-0.04274936,-0.07818552
143,-5.0,-5.0,749.2756,0.0,3.0,-0.15424576,-0.41476434,2.2318242,1.0993462,-0.09209558,-0.041827857,-0.08204894
144,-5.0,-5.0,749.2756,0.0,3.0,-0.08994098,-0.28006983,2.2814202,1.127569,-0.09544958,-0.040934242,-0.08622651
145,-5.0,-5.0,749.2756,0.0,3.0,-0.02948346,-0.14363623,2.3310163,1.1548843,-0.09916185,-0.040063802,-0.09070813
146,-5.0,-5.0,749.2756,0.0,3.0,0.027223285,-0.0058896244,2.3806124,1.1811134,-0.10320087,-0.039205514,-0.09546386
147,-5.0,-5.0,749.2756,0.0,3.0,-4.950609,-4.9771943,0.0,1.0401186,-0.19251588,-0.09743575,-0.16603807
148,-5.0,-5.0,749.2756,0.0,3.0,-4.8731728,-4.8493423,0.049627684,1.0022117,-0.18470499,-0.09945254,-0.15564424
149,-5.0,-5.0,749.2756,0.0,3.0,-4.7908564,-4.724778,0.09925537,0.9623879,-0.17724049,-0.10130396,-0.14543624
150,-5.0,-5.0,749.2756,0.0,3.0,-4.703609,-4.603782,0.14888304,0.9214419,-0.17022479,-0.10293022,-0.13557968
151,-5.0,-5.0,749.2756,0.0,3.0,-4.6115136,-4.486524,0.19851074,0.88021225,-0.1637361,-0.10429786,-0.12621993
152,-5.0,-5.0,749.2756,0.0,3.0,-4.5147467,-4.3731437,0.24813841,0.83951217,-0.15783264,-0.10540474,-0.11747759
153,-5.0,-5.0,749.2756,0.0,3.0,-4.413562,-4.263749,0.2977661,0.8000859,-0.15254524,-0.106269896,-0.10943839
154,-5.0,-5.0,749.2756,0.0,3.0,-4.308274,-4.1583533,0.34739378,0.76257914,-0.14787337,-0.106920846,-0.10214924
155,-5.0,-5.0,749.2756,0.0,3.0,-4.1992435,-4.0568852,0.39702147,0.7275258,-0.1437858,-0.10738242,-0.09562099
156,-5.0,-5.0,749.2756,0.0,3.0,-4.086867,-3.9591634,0.44664913,0.69534534,-0.14022684,-0.10767073,-0.08983641
157,-5.0,-5.0,749.2756,0.0,3.0,-3.971552,-3.864937,0.49627683,0.6663462,-0.13712516,-0.107792094,-0.084759526
158,-5.0,-5.0,749.2756,0.0,3.0,-3.8537078,-3.7739017,0.5459045,0.64073926,-0.13440329,-0.10774494,-0.08034471
159,-5.0,-5.0,749.2756,0.0,3.0,-3.7337358,-3.6857128,0.5955322,0.618645,-0.13198587,-0.107524276,-0.07654281
160,-5.0,-5.0,749.2756,0.0,3.0,-3.6120074,-3.5999968,0.6451599,0.6001111,-0.12980494,-0.10712449,-0.073305294
161,-5.0,-5.0,749.2756,0.0,3.0,-3.4888701,-3.5163624,0.69478756,0.58512354,-0.12780315,-0.106542304,-0.07058598
162,-5.0,-5.0,749.2756,0.0,3.0,-3.364643,-3.4343963,0.7444152,0.57361865,-0.12593532,-0.105778456,-0.068341956
163,-5.0,-5.0,749.2756,0.0,3.0,-3.2396154,-3.3536787,0.79404294,0.5654941,-0.12416753,-0.10483762,-0.06653307
164,-5.0,-5.0,749.2756,0.0,3.0,-3.1140604,-3.2737877,0.8436706,0.56061625,-0.122475885,-0.10372821,-0.065121435
165,-5.0,-5.0,749.2756,0.0,3.0,-2.988231,-3.1943114,0.89329827,0.5588289,-0.12084452,-0.10246124,-0.06407099
166,-5.0,-5.0,749.2756,0.0,3.0,-2.8623648,-3.1148546,0.942926,0.5599589,-0.11926293,-0.10104873,-0.06334666
167,-5.0,-5.0,749.2756,0.0,3.0,-2.7366905,-3.0350544,0.99255365,0.5638199,-0.117724515,-0.09950311,-0.06291419
168,-5.0,-5.0,749.2756,0.0,3.0,-2.6114218,-2.9545698,1.0421813,0.57021797,-0.11622517,-0.09783641,-0.062740155
169,-5.0,-5.0,749.2756,0.0,3.0,-2.4867601,-2.8731031,1.091809,0.578955,-0.11476227,-0.09606002,-0.06279212
170,-5.0,-5.0,749.2756,0.0,3.0,-2.362897,-2.790388,1.1414367,0.58983177,-0.113335215,-0.09418545,-0.06303945
171,-5.0,-5.0,749.2756,0.0,3.0,-2.2400126,-2.706187,1.1910644,0.6026535,-0.11194538,-0.09222446,-0.06345406
172,-5.0,-5.0,749.2756,0.0,3.0,-2.1182783,-2.6203003,1.240692,0.6172312,-0.11059695,-0.09019005,-0.06401124
173,-5.0,-5.0,749.2756,0.0,3.0,-1.9978614,-2.5325553,1.2903197,0.6333872,-0.1092974,-0.08809669,-0.06469077
174,-5.0,-5.0,749.2756,0.0,3.0,-1.8789227,-2.442802,1.3399475,0.65095603,-0.108058095,-0.08596074,-0.0654775
175,-5.0,-5.0,749.2756,0.0,3.0,-1.7616246,-2.3509157,1.389575,0.66978854,-0.1068938,-0.08379972,-0.06636183
176,-5.0,-5.0,749.2756,0.0,3.0,-1.6461239,-2.2567925,1.4392027,0.6897511,-0.10582217,-0.08163169,-0.06733943
177,-5.0,-5.0,749.2756,0.0,3.0,-1.5325752,-2.1603448,1.4888304,0.7107291,-0.10486326,-0.07947444,-0.06841138
178,-5.0,-5.0,749.2756,0.0,3.0,-1.4211307,-2.0615017,1.5384581,0.73262274,-0.104038306,-0.077344455,-0.06958308
179,-5.0,-5.0,749.2756,0.0,3.0,-1.3119367,-1.9602066,1.5880858,0.75535077,-0.10336818,-0.07525525,-0.07086344
180,-5.0,-5.0,749.2756,0.0,3.0,-1.2051347,-1.8564165,1.6377134,0.7788454,-0.10287353,-0.07321767,-0.07226434
181,-5.0,-5.0,749.2756,0.0,3.0,-1.1008606,-1.7501012,1.6873411,0.8030508,-0.10257314,-0.07123858,-0.07379915
182,-5.0,-5.0,749.2756,0.0,3.0,-0.9992443,-1.6412448,1.7369689,0.8279223,-0.10248398,-0.06932093,-0.07548228
183,-5.0,-5.0,749.2756,0.0,3.0,-0.9004121,-1.5298467,1.7865965,0.8534197,-0.102621324,-0.0674643,-0.077328555
184,-5.0,-5.0,749.2756,0.0,3.0,-0.804487,-1.4159204,1.8362242,0.8795057,-0.1029984,-0.06566478,-0.07935242
185,-5.0,-5.0,749.2756,0.0,3.0,-0.7115897,-1.2994968,1.885852,0.90614027,-0.10362745,-0.063916214,-0.08156817
186,-5.0,-5.0,749.2756,0.0,3.0,-0.621842,-1.1806191,1.9354796,0.9332779,-0.10451976,-0.062210493,-0.0839895
187,-5.0,-5.0,749.2756,0.0,3.0,-0.5353652,-1.0593411,1.9851072,0.9608628,-0.10568639,-0.060538534,-0.08662967
188,-5.0,-5.0,749.2756,0.0,3.0,-0.45227855,-0.9357203,2.034735,0.9888281,-0.10713835,-0.058890652,-0.0895015
189,-5.0,-5.0,749.2756,0.0,3.0,-0.37269983,-0.80981505,2.0843625,1.0170926,-0.10888741,-0.057257485,-0.09261776
190,-5.0,-5.0,749.2756,0.0,3.0,-0.29673538,-0.6816756,2.1339903,1.0455631,-0.11094537,-0.055629645,-0.09599071
191,-5.0,-5.0,749.2756,0.0,3.0,-0.22447634,-0.5513505,2.183618,1.0741336,-0.11332377,-0.053998113,-0.099631734
192,-5.0,-5.0,749.2756,0.0,3.0,-0.15598756,-0.4189035,2.2332456,1.1026875,-0.1160329,-0.052353974,-0.10355044
193,-5.0,-5.0,749.2756,0.0,3.0,-0.09129654,-0.28444543,2.2828734,1.1310976,-0.119079836,-0.05068835,-0.10775296
194,-5.0,-5.0,749.2756,0.0,3.0,-0.030383078,-0.14818962,2.3325012,1.1592231,-0.12246608,-0.048992764,-0.11223926
195,-5.0,-5.0,749.2756,0.0,3.0,0.026830869,-0.010519292,2.3821287,1.1869061,-0.12618554,-0.047260318,-0.11700107
