,t,x1,x2,x3,x4,p2,p3,p4
0,0.0,0.0,0.0,0.0,0.0,-0.23605643150318983,-0.026324204890370642,-0.12491164660682076
1,0.002969822690553855,1.9080887328374405e-06,3.991067296282648e-06,0.0012865201788475327,0.0026892999480348408,-0.23605636255173013,-0.026325281703938976,-0.12421352417727752
2,0.00593964538110771,7.650626503776845e-06,1.598262484864316e-05,0.0025822862649607457,0.005387829885484195,-0.23605583419230985,-0.026328778527334114,-0.12352261623612522
3,0.008909468071661566,1.7255175454721878e-05,3.600184257811158e-05,0.003887368151478354,0.008095427264837892,-0.2360543784829492,-0.026334646726806424,-0.12283873892148435
4,0.01187929076221542,3.074950696387043e-05,6.407540575333295e-05,0.005201836671277604,0.010811927802203955,-0.23605153113049157,-0.026342882526210105,-0.12216179879616261
5,0.014849113452769274,4.8161603123536304e-05,0.00010022950865186327,0.006525763158805547,0.013537164454368292,-0.23604682849542685,-0.02635348699656313,-0.12149174310730315
6,0.01781893614332313,6.951965954234094e-05,0.00014448984307159597,0.007859219374272627,0.016270967541374623,-0.2360398079069555,-0.02636646173102563,-0.1208285293022059
7,0.020788758833876986,9.485208586202294e-05,0.0001968815925115736,0.009202277507709446,0.01901316494158856,-0.2360300081178206,-0.02638180798496388,-0.12017211765648939
8,0.02375858152443084,0.00012418750092917964,0.0002574294400180037,0.010555010190653446,0.021763582329492073,-0.2360169696803054,-0.026399526432810693,-0.11952246891379258
9,0.026728404214984694,0.0001575547529896261,0.000326157516479753,0.0119174905811694,0.024522043207191195,-0.23600023565458136,-0.026419616990047867,-0.1188795431870093
10,0.029698226905538548,0.00019498289233822776,0.00040308946453891214,0.013289792335120789,0.0272883693478278,-0.23597935170022985,-0.026442078862768732,-0.11824329964541924
11,0.0326680495960924,0.0002365012007661508,0.00048824836619128383,0.01467198972150538,0.030062380769339654,-0.23595386691560108,-0.026466910420819466,-0.11761369615035835
12,0.03563787228664626,0.00028213918052473534,0.0005816567692627867,0.01606415764177681,0.03284389605746151,-0.2359233341491534,-0.02649410922632698,-0.11699068920746897
13,0.03860769497720012,0.0003319265454617457,0.0006833367094132802,0.017466371638937512,0.03563273260332966,-0.23588731019065914,-0.02652367206346297,-0.1163742339863797
14,0.04157751766775397,0.00038589325311590606,0.0007933096345325675,0.01887870804807387,0.038428706689874935,-0.23584535686147753,-0.026555594821163174,-0.11576428410878704
15,0.044547340358307826,0.00044406947449231453,0.0009115964800776457,0.020301243940751598,0.04123163384131197,-0.23579704076774197,-0.026589872607219095,-0.1151607918533527
16,0.04751716304886168,0.0005064856154597736,0.0010382176213466774,0.021734057238802475,0.04404132895986083,-0.2357419341394852,-0.026626499675524835,-0.11456370804591715
17,0.050486985739415534,0.0005731723206066007,0.0011731928693638133,0.023177226779468617,0.046857606570743456,-0.23567961534503445,-0.026665469419631455,-0.11397298207609001
18,0.05345680842996939,0.0006441604551779164,0.0013165415183929012,0.02463083228195987,0.04968028104154595,-0.23560966872585898,-0.026706774445132874,-0.11338856204134541
19,0.05642663112052324,0.0007194811385108977,0.0014682822750478226,0.026094954527192925,0.052509166804785165,-0.235531685872578,-0.026750406460990462,-0.11281039460254456
20,0.059396453811077096,0.0007991657254635631,0.001628433308909035,0.02756967532507063,0.05534407858541116,-0.23544526543353406,-0.026796356355839237,-0.11223842514184663
21,0.06236627650163096,0.0008832458065561823,0.001797012259392309,0.029055077546262253,0.05818483157951594,-0.23535001336209774,-0.02684461420737684,-0.11167259780481922
22,0.0653360991921848,0.0009717532387994324,0.0019740361776496543,0.030551245308774774,0.06103124177650863,-0.23524554421574265,-0.026895169191223676,-0.11111285540540668
23,0.06830592188273867,0.0010647201124422438,0.0021595216090191114,0.03205826385610734,0.06388312604864606,-0.2351314803179209,-0.026948009705274403,-0.11055913964278792
24,0.07127574457329253,0.0011621787828793796,0.0023534845352850796,0.03357621974444463,0.06674030247490263,-0.23500745305420997,-0.027003123277818862,-0.11001139100590084
25,0.07424556726384637,0.0012641618673420309,0.0025559403945141714,0.03510520086606657,0.0696025905498421,-0.2348731030107253,-0.027060496594408994,-0.10946954885453118
26,0.07721538995440023,0.0013707022300314977,0.002766904122677226,0.03664529639808484,0.07246981126242089,-0.23472807961180936,-0.027120115558888967,-0.10893355153212006
27,0.08018521264495408,0.0014818330228714848,0.002986390086466595,0.03819659704850341,0.07534178755956618,-0.23457204278309965,-0.027181965183305776,-0.10840333626761336
28,0.08315503533550794,0.0015975876563834234,0.003214412154547882,0.03975919493010523,0.07821834432779431,-0.2344046620475744,-0.027246029694520595,-0.10787883934852278
29,0.08612485802606179,0.0017179998175186294,0.0034509836773243927,0.04133318367738113,0.08109930868223207,-0.2342256173006871,-0.027312292496603698,-0.10735999611042804
30,0.08909468071661565,0.0018431034790876513,0.003696117485591419,0.04291865852518396,0.08398451022399185,-0.2340345992930591,-0.02738073616194718,-0.10684674097084418
31,0.0920645034071695,0.0019729328966403784,0.003949825912508508,0.044515716310696,0.08687378116975157,-0.23383130959972576,-0.027451342459217133,-0.10633900749973087
32,0.09503432609772336,0.0021075226132022114,0.0042121208012590415,0.046124455517217444,0.089766956538425,-0.23361546086758803,-0.027524092358313247,-0.10583672846322778
33,0.09800414878827722,0.002246907467993659,0.00448301350728756,0.04774497633907811,0.09266387437590612,-0.23338677719931744,-0.027598966025720793,-0.10533983585894613
34,0.10097397147883107,0.0023911226038010663,0.004762514904687994,0.049377380737562995,0.09556437596881104,-0.23314499446740528,-0.027675942825659737,-0.10484826095960748
35,0.10394379416938493,0.0025402034668870134,0.005050635404323572,0.05102177245014996,0.09846830596491207,-0.23288986031654466,-0.027755001340767263,-0.10436193437198223
36,0.10691361685993878,0.0026941858117491765,0.005347384964474308,0.052678257024986276,0.10137551253475698,-0.23262113433387396,-0.027836119380144804,-0.10388078608279501
37,0.10988343955049264,0.0028531057096313405,0.005652773096914617,0.05434694187519702,0.10428584757134762,-0.23233858834592633,-0.0279192739790278,-0.10340474549840013
38,0.11285326224104648,0.003016999557956022,0.0059668088737899,0.056027936336341344,0.10719916690057531,-0.23204200672754757,-0.02800444139859427,-0.10293374148755768
39,0.11582308493160035,0.0031859040794444075,0.006289500948070462,0.057721351660270086,0.11011533035468996,-0.23173118629650638,-0.028091597149900716,-0.10246770243855803
40,0.11879290762215419,0.003359856327599105,0.006620857565575461,0.05942730104345235,0.11303420191216879,-0.23140593643482896,-0.028180716002873012,-0.1020065563042646
41,0.12176273031270805,0.0035388936948796937,0.006960886574318007,0.061145899668721235,0.11595564986467082,-0.23106607929446485,-0.02827177199003795,-0.10155023064410959
42,0.12473255300326191,0.0037230539240915936,0.007309595432273208,0.06287726476243258,0.11887954702152467,-0.23071145009461994,-0.02836473840585211,-0.10109865266688306
43,0.12770237569381576,0.003912375106689252,0.0076669912292154346,0.06462151557303193,0.12180577073442611,-0.23034189691833193,-0.028459587833141325,-0.10065174928401505
44,0.1306721983843696,0.0041068956888511195,0.008033080699986548,0.06637877339194487,0.12473420301250177,-0.22995728078304295,-0.028556292153301834,-0.10020944715338148
45,0.13364202107492348,0.004306654479171379,0.008407870236474907,0.06814916158145713,0.12766473065118603,-0.22955747575460275,-0.02865482255381344,-0.0997716727217863
46,0.13661184376547733,0.004511690661871971,0.008791365896583803,0.06993280562963493,0.1305972454273269,-0.22914236922571335,-0.02875514952790831,-0.09933835226831854
47,0.13958166645603118,0.004722043794266626,0.009183573426577645,0.07172983311444678,0.13353164407622167,-0.22871186162744547,-0.028857242902828584,-0.09890941195230823
48,0.14255148914658505,0.0049377538132925475,0.009584498275393248,0.07354037371629268,0.13646782837973523,-0.22826586644885197,-0.02896107185144083,-0.09848477785546897
49,0.1455213118371389,0.005158861042556296,0.00999414560858871,0.07536455923139167,0.13940570525403337,-0.22780431026233403,-0.029066604903221254,-0.09806437602326258
50,0.14849113452769275,0.005385406207208591,0.01041252031871449,0.0772025236225646,0.14234518693156123,-0.22732713297590293,-0.02917380994501818,-0.09764813250907141
51,0.1514609572182466,0.005617430430555499,0.010839627047400642,0.07905440297036155,0.14528619089384967,-0.22683428747447817,-0.029282654250511398,-0.09723597341582955
52,0.15443077990880047,0.005854975240915218,0.011275470200457669,0.0809203354767327,0.1482286399316632,-0.2263257395901121,-0.02939310449337397,-0.09682782493606128
53,0.15740060259935432,0.006098082577849685,0.01172005396312807,0.08280046146394733,0.15117246219066,-0.22580146804451984,-0.029505126761386766,-0.09642361339075788
54,0.16037042528990816,0.006346794808517478,0.012173382311953099,0.08469492341952231,0.15411759133662412,-0.2252614646685668,-0.029618686558961518,-0.09602326527434733
55,0.163340247980462,0.00660115472342898,0.012635459035957449,0.08660386593623838,0.15706396644914516,-0.2247057339888287,-0.029733748837256484,-0.09562670728941895
56,0.16631007067101589,0.006861205543509201,0.01310628775225472,0.08852743570690748,0.16001153205396723,-0.2241342931516903,-0.029850278008949897,-0.095233866384247
57,0.16927989336156973,0.0071269909253466966,0.013585871921954394,0.09046578150943733,0.16296023812752558,-0.22354717179095962,-0.02996823796510466,-0.09484466978804272
58,0.17224971605212358,0.007398554978821259,0.014074214863514588,0.09241905424448556,0.16591004024229908,-0.2229444122091889,-0.03008759208001525,-0.09445904505649233
59,0.17521953874267746,0.0076759422620088485,0.014571319772510215,0.09438740686650354,0.1688608994274889,-0.22232606892460752,-0.030208303241503177,-0.09407692009933595
60,0.1781893614332313,0.0079591977883531,0.015077189737449514,0.09637099436999004,0.1718127821748946,-0.22169220855381658,-0.030330333867300874,-0.09369822321503665
61,0.18115918412378515,0.008248367030768365,0.01559182775572776,0.09836997376181884,0.1747656604048382,-0.22104290961388773,-0.03045364592424814,-0.09332288312149666
62,0.184129006814339,0.008543495940327783,0.01611523674836666,0.10038450409057162,0.17771951158923613,-0.22037826266162336,-0.030578200935910085,-0.09295082900178388
63,0.18709882950489287,0.008844630940328611,0.016647419577976705,0.10241474637084197,0.18067431858584385,-0.21969836981484747,-0.030703960012638642,-0.09258199052459097
64,0.19006865219544672,0.009151818933505619,0.017188379064505432,0.10446086356174579,0.18363006961999545,-0.21900334459951856,-0.030830883869509173,-0.0922162978758141
65,0.19303847488600057,0.00946510730483405,0.017738118000680935,0.10652302052802799,0.18658675821562787,-0.21829331169661328,-0.030958932847388643,-0.09185368178403602
66,0.19600829757655444,0.0097845439410614,0.01829663916796712,0.10860138406043907,0.18954438329454587,-0.2175684070370377,-0.031088066923648683,-0.09149407356596995
67,0.1989781202671083,0.010110177223942557,0.018863945352442284,0.11069612279549079,0.19250294899075784,-0.21682877730964445,-0.03121824574163117,-0.09113740514001313
68,0.20194794295766214,0.01044205603746645,0.019440039360234678,0.11280740718728874,0.19546246461119526,-0.21607457977925182,-0.031349428630037035,-0.09078360905462822
69,0.20491776564821598,0.010780229769216366,0.020024924031959348,0.1149354094592236,0.19842294453639944,-0.21530598198901063,-0.03148157462536311,-0.09043261850809185
70,0.20788758833876986,0.011124748330535722,0.02061860225966753,0.11708030361516653,0.20138440829535553,-0.21452316181023942,-0.03161464248590916,-0.09008436739314828
71,0.2108574110293237,0.011475662148933785,0.02122107700045595,0.11924226535672773,0.20434688036604504,-0.21372630694767591,-0.03174859072032257,-0.08973879030399087
72,0.21382723371987755,0.011833022175341414,0.021832351291397226,0.12142147204966536,0.2073103901187605,-0.21291561473508555,-0.03188337760831358,-0.08939582256147986
73,0.21679705641043143,0.012196879883898993,0.022452428262538418,0.12361810266814971,0.21027497169153592,-0.21209129180380779,-0.03201896122391379,-0.08905540022683162
74,0.21976687910098527,0.012567287292562518,0.023081311154592995,0.1258323377969276,0.21324066404076816,-0.21125355408817809,-0.03215529945285516,-0.08871746014498558
75,0.22273670179153912,0.012944296954664253,0.023719003330165824,0.12806435954793327,0.21620751073348113,-0.2104026263366405,-0.03229235001988647,-0.0883819399454054
76,0.22570652448209297,0.013327961966262089,0.024365508288050598,0.1303143515226015,0.21917555987704765,-0.20953874189135951,-0.03243007051068503,-0.08804877806431032
77,0.22867634717264684,0.01371833596453758,0.02502082967452278,0.13258249875148187,0.22214486397691138,-0.20866214233741667,-0.03256841839531632,-0.08771791375259654
78,0.2316461698632007,0.014115473147177341,0.025684971301018177,0.1348689876843194,0.22511547995274633,-0.20777307744524626,-0.032707351049101406,-0.08738928711516607
79,0.23461599255375454,0.014519428266040095,0.026357937153895866,0.13717400611467503,0.22808746894955173,-0.20687180473525726,-0.03284682577809346,-0.08706283911055827
80,0.23758581524430838,0.014930256631724086,0.02703973140705727,0.13949774313239482,0.2310608962351268,-0.20595858920642174,-0.03298679984237521,-0.08673851156589824
81,0.24055563793486226,0.015348014112108033,0.02773035843182588,0.1418403890642031,0.23403583105692186,-0.20503370299661364,-0.033127230479045325,-0.08641624718157251
82,0.2435254606254161,0.01577275714936283,0.028429822813758415,0.1442021354515262,0.2370123466212477,-0.20409742525951816,-0.03326807492593157,-0.08609598956442908
83,0.24649528331596995,0.01620454275707012,0.02913812936190827,0.14658317498486506,0.23999051993066053,-0.20315004179043722,-0.033409290445972434,-0.0857776832291373
84,0.24946510600652383,0.01664342852075892,0.02985528311878138,0.14898370144722145,0.24297043164907814,-0.2021918447063085,-0.03355083435074764,-0.08546127360376275
85,0.2524349286970777,0.01708947259718554,0.03058128936910317,0.15140390965749048,0.24595216596369132,-0.20122313212551798,-0.03369266402299626,-0.08514670703252436
86,0.2554047513876315,0.017542733728825435,0.03131615365522027,0.15384399543867128,0.2489358105333501,-0.20024420799254833,-0.03383473694218589,-0.08483393080241523
87,0.25837457407818537,0.018003271244151128,0.03205988178625328,0.1563041555595508,0.25192145634627555,-0.19925538174872823,-0.033977010708754155,-0.08452289314647042
88,0.2613443967687392,0.018471145054539832,0.03281247984505792,0.15878458767364897,0.2549091975648621,-0.1982569679876479,-0.03411944306652378,-0.0842135432406439
89,0.2643142194592931,0.018946415655254605,0.03357395419653212,0.1612854902665109,0.2578991313972844,-0.19724928615888432,-0.03426199192529153,-0.08390583120658085
90,0.26728404214984697,0.01942914412941391,0.03434431149704385,0.16380706260787722,0.2608913579855272,-0.19623266029998676,-0.03440461538408504,-0.0835997081186727
91,0.2702538648404008,0.019919392177724215,0.03512355871759945,0.16634950472885338,0.26388598039765576,-0.19520741891638885,-0.03454727176671919,-0.08329512605223253
92,0.27322368753095466,0.020417222058043298,0.0359117031192033,0.1689130173001719,0.26688310422298994,-0.19417389427815634,-0.034689919619479925,-0.08299203798501259
93,0.2761935102215085,0.020922696653418848,0.036708752295464685,0.17149780165442607,0.2698828377396162,-0.19313242256547444,-0.03483251776154247,-0.08269039790589522
94,0.27916333291206236,0.021435879445964492,0.037514714165525175,0.1741040597006854,0.27288529165486464,-0.19208334337806773,-0.034975025297957076,-0.0823901607709944
95,0.2821331556026162,0.02195683448622376,0.03832959696266409,0.1767319938515192,0.2758905788708895,-0.19102699931551814,-0.03511740162319812,-0.08209128245196547
96,0.2851029782931701,0.022485626470797184,0.03915340928394489,0.17938180703178994,0.2788988146303929,-0.18996373604661596,-0.035259606486080314,-0.08179371985772262
97,0.28807280098372395,0.023022320672931702,0.039986160056491006,0.18205370257289974,0.2819101161342925,-0.18889390169168782,-0.03540159997321218,-0.08149743081967828
98,0.2910426236742778,0.023566982963797164,0.040827858554380765,0.18474788418408322,0.2849246025008355,-0.18781784666426174,-0.03554334253999993,-0.08120237412216624
99,0.29401244636483165,0.024119679853118386,0.04167851442792527,0.1874645559191761,0.2879423947419764,-0.1867359234903811,-0.03568479506088858,-0.08090850956208441
100,0.2969822690553855,0.024680478416476602,0.042538137664922815,0.19020392209426953,0.2909636154347902,-0.1856484863215108,-0.035825918800061335,-0.08061579782922779
101,0.29995209174593934,0.025249446364023057,0.04340673863617087,0.19296618727042456,0.29398838878125877,-0.1845558908482699,-0.035966675479923625,-0.08032420060918849
102,0.3029219144364932,0.02582665201544107,0.044284328084634464,0.19575155619169476,0.29701684040543236,-0.18345849393902228,-0.036107027285444133,-0.08003368053773732
103,0.30589173712704704,0.02641216426569477,0.04517091710775395,0.19856023373637632,0.3000490971702067,-0.18235665334986362,-0.036246936854787755,-0.07974420114221306
104,0.30886155981760094,0.0270060526680888,0.04606651721273144,0.20139242488233958,0.3030852872096166,-0.18125072753645774,-0.03638636736821067,-0.07945572696244343
105,0.3118313825081548,0.02760838732810992,0.04697114025300357,0.20424833465115305,0.3061255396182462,-0.18014107531413656,-0.03652528247740714,-0.07916822338129585
106,0.31480120519870863,0.028219239031803928,0.04788479851257691,0.20712816806814874,0.30916998453135436,-0.17902805563345126,-0.03666364643780313,-0.0788816568121936
107,0.3177710278892625,0.028838679079091163,0.04880750460225736,0.21003213012522476,0.31221875277612693,-0.177912027346478,-0.036801423975311984,-0.07859599444026075
108,0.32074085057981633,0.029466779494884,0.04973927159737858,0.2129604257155853,0.3152719760027458,-0.1767933488386891,-0.036938580503542484,-0.07831120452952399
109,0.3237106732703702,0.030103612778251913,0.050680112878336306,0.21591325963620886,0.31832978631750625,-0.1756723780154245,-0.03707508189842716,-0.07802725604319437
110,0.326680495960924,0.03074925218611687,0.05163004231589925,0.21889083647650545,0.32139231639206733,-0.17454947166710721,-0.037210894799854954,-0.07774411905055331
111,0.3296503186514779,0.031403771419789284,0.05258907406926219,0.22189336067738707,0.3244596991593827,-0.17342498578133492,-0.03734598630619178,-0.07746176426335477
112,0.33262014134203177,0.032067244960056404,0.0535572228055476,0.22492103636292798,0.32753206783672906,-0.17229927457065178,-0.03748032434589222,-0.07718016350691881
113,0.3355899640325856,0.032739747714858436,0.05453450347081866,0.22797406746070395,0.3306095557353791,-0.17117269114425748,-0.03761387731133416,-0.07689928921105932
114,0.33855978672313947,0.033421355377550845,0.055520931525175475,0.23105265747915513,0.3336922961603629,-0.17004558620768706,-0.03774661447370325,-0.07661911490184335
115,0.3415296094136933,0.03411214406837564,0.0565165227084605,0.2341570096784877,0.3367804223545502,-0.16891830903673227,-0.0378785055901966,-0.07633961469559238
116,0.34449943210424716,0.03481219067891695,0.05752129326624985,0.2372873268135834,0.33987406727450553,-0.16779120596192035,-0.038009521320237286,-0.07606076375858953
117,0.347469254794801,0.03552157254864638,0.05853525973785288,0.2404438113259737,0.34297336364724346,-0.16666462147215683,-0.03813963285585609,-0.07578253786088718
118,0.3504390774853549,0.03624036775012054,0.0595584391429158,0.24362666509235284,0.34607844366957713,-0.16553889672265754,-0.03826881228116064,-0.0755049137440773
119,0.35340890017590876,0.03696865485018564,0.06059084882457106,0.24683608958665174,0.3491894391023386,-0.1644143704601576,-0.03839703229211207,-0.07522786879774214
120,0.3563787228664626,0.0377065130890773,0.06163250656584731,0.2500722856898975,0.35230648098839973,-0.16329137789500867,-0.038524266433569605,-0.07495138127872153
121,0.35934854555701645,0.038454022249771916,0.06268343050330842,0.25333545378216193,0.35542969969988764,-0.16217025120143613,-0.03865048894614876,-0.07467543013467909
122,0.3623183682475703,0.039211262750811236,0.06374363918631008,0.256625793617785,0.35855922471200086,-0.16105131877101472,-0.03877567489816169,-0.07439999510742136
123,0.36528819093812415,0.03997831555550144,0.0648131515167174,0.2599435043917817,0.36169518464538275,-0.1599349055812415,-0.03889980007736868,-0.07412505661045261
124,0.368258013628678,0.04075526227407396,0.06589198681295612,0.2632887846000937,0.3648377069875548,-0.15882133231879944,-0.03902284113891987,-0.07385059584065135
125,0.3712278363192319,0.041542185059687924,0.0669801647413017,0.26666183212507555,0.36798691818453616,-0.1577109158892523,-0.03914477547545373,-0.07357659464082637
126,0.37419765900978574,0.04233916667247416,0.06807770535468141,0.2700628441392021,0.3711429434243925,-0.15660396878753577,-0.039265581313683295,-0.07330303556518186
127,0.3771674817003396,0.043146290467305115,0.06918462908225408,0.2734920170876793,0.37430590655449214,-0.15550079897479827,-0.039385237707881805,-0.07302990185027526
128,0.38013730439089344,0.04396364034046254,0.07030095669347171,0.27694954673487265,0.3774759301256144,-0.15440171013800408,-0.03950372447273329,-0.07275717734460518
129,0.3831071270814473,0.04479130082373145,0.07142670935371302,0.2804356280165743,0.38065313505365067,-0.1533070007303033,-0.03962102232518197,-0.07248484659998199
130,0.38607694977200113,0.04562935698257306,0.07256190855803213,0.2839504551500357,0.3838376407962188,-0.1522169646469367,-0.03973711274665386,-0.07221289474677775
131,0.389046772462555,0.04647789447712903,0.07370657616544489,0.2874942215327777,0.38702956509800823,-0.15113189053987028,-0.03985197807715759,-0.07194130754912406
132,0.3920165951531089,0.047336999551387454,0.07486073438841247,0.2910671197311379,0.39022902392076747,-0.15005206172410274,-0.03996560150643364,-0.07167007137812904
133,0.39498641784366273,0.048206758979620706,0.07602440575725039,0.2946693415417384,0.39343613153516716,-0.14897775653613116,-0.040077967000620884,-0.07139917314679262
134,0.3979562405342166,0.04908726015836152,0.0771976131703833,0.29830107783467896,0.3966510001219837,-0.14790924727911955,-0.04018905944281946,-0.07112860038876775
135,0.4009260632247704,0.04997859100720749,0.07838037983181137,0.3019625186830695,0.3998737400252863,-0.14684680104108505,-0.04029886449077286,-0.07085834114707884
136,0.40389588591532427,0.050880840026759744,0.07957272928043005,0.3056538532608114,0.4031044594667471,-0.1457906789734588,-0.04040736866636445,-0.0705883840196251
137,0.4068657086058781,0.05179409628921277,0.08077468537949871,0.30937526983660946,0.4063432644858902,-0.14474113622290194,-0.04051455934474582,-0.07031871813475084
138,0.40983553129643197,0.05271844938484107,0.08198627228216757,0.3131269558482362,0.4095902590772879,-0.14369842237964547,-0.040620424676511786,-0.0700493330921897
139,0.41280535398698587,0.053653989511699515,0.08320751447547094,0.3169090977419796,0.4128455447387275,-0.14266278035175284,-0.04072495372394467,-0.06978021902951596
140,0.4157751766775397,0.05460080737933761,0.08443843672256324,0.3207218811166226,0.41610922079250146,-0.14163444730123567,-0.040828136317389914,-0.0695113665245536
141,0.41874499936809356,0.05555899426370978,0.08567906408674468,0.32456549062401174,0.4193813840756478,-0.14061365390580308,-0.040929963138307116,-0.0692427666319425
142,0.4217148220586474,0.056528641999207346,0.08692942192094776,0.32844010996832484,0.42266212888833044,-0.1396006243130164,-0.04103042570668157,-0.06897441086108164
143,0.42468464474920126,0.05750984292543801,0.08818953583511763,0.3323459219906121,0.42595154717350425,-0.13859557666788846,-0.041129516300548494,-0.06870629112356867
144,0.4276544674397551,0.05850268997457744,0.08945943173318108,0.3362831085101415,0.42924972801987127,-0.1375987219414435,-0.04122722808510924,-0.0684383997879172
145,0.43062429013030895,0.05950727657819021,0.09073913576096339,0.3402518504776709,0.4325567580426991,-0.13661026495965747,-0.041323554970951665,-0.06817072959550644
146,0.43359411282086285,0.060523696719210304,0.09202867432471006,0.34425232788256144,0.43587272105672853,-0.13563040366683268,-0.04141849168914817,-0.0679032736890995
147,0.4365639355114167,0.061552044925429227,0.09332807408058397,0.3482847197573536,0.43919769803090813,-0.13465932909966047,-0.0415120337772411,-0.0676360255931231
148,0.43953375820197055,0.06259241621677297,0.09463736190459139,0.3523492042697794,0.44253176730724725,-0.13369722598194192,-0.04160417749803256,-0.06736897916784214
149,0.4425035808925244,0.06364490619032087,0.09595656492188867,0.3564459585719504,0.44587500406662434,-0.13274427153309395,-0.04169491995908339,-0.0671021286531482
150,0.44547340358307824,0.06470961093034805,0.09728571046114984,0.3605751589576549,0.4492274807604928,-0.13180063656434882,-0.04178425897574151,-0.06683546859757906
151,0.4484432262736321,0.06578662705753416,0.09862482606748685,0.3647369807796882,0.4525892667729216,-0.13086648476101576,-0.04187219313715233,-0.06656899387976266
152,0.45141304896418594,0.06687605172392225,0.0999739394919182,0.3689315984600349,0.4559604283802428,-0.12994197267466664,-0.041958721791094,-0.06630269969095542
153,0.45438287165473984,0.06797798256085306,0.10133307866447985,0.3731591855862401,0.45934102900540963,-0.1290272503714706,-0.04204384496394894,-0.06603658149598093
154,0.4573526943452937,0.06909251776176048,0.10270227171536202,0.37741991477463865,0.4627311286548852,-0.12812246024617552,-0.04212756346849807,-0.06577063506707273
155,0.46032251703584753,0.07021975599546801,0.1040815469363553,0.38171395782629347,0.4661307843925699,-0.12722773815989438,-0.04220987877443595,-0.06550485642522896
156,0.4632923397264014,0.07135979645283919,0.10547093278817776,0.38604148565807617,0.46954004999709265,-0.12634321275696064,-0.04229079306455246,-0.0652392418555941
157,0.46626216241695523,0.07251273884322769,0.10687045788985064,0.3904026683189584,0.47295897592523045,-0.12546900547397438,-0.04237030921867912,-0.06497378789214962
158,0.4692319851075091,0.07367868334317855,0.10828015099557367,0.39479767508731495,0.4763876095976997,-0.12460523122709384,-0.04244843073668171,-0.06470849128525573
159,0.4722018077980629,0.07485773067720627,0.10970004100731633,0.39922667435455733,0.47982599481539123,-0.12375199725625424,-0.04252516183292642,-0.06444334902665881
160,0.47517163048861677,0.076049982034294,0.111130156943829,0.4036898337742192,0.48327417226687114,-0.12290940427918483,-0.04260050731659377,-0.06417835830223839
161,0.4781414531791707,0.077255539112251,0.11257052794248312,0.4081873202101056,0.4867321791866018,-0.12207754585662672,-0.042674472637685014,-0.06391351650233736
162,0.4811112758697245,0.07847450411568417,0.11402118324847146,0.4127192997593499,0.49020004932123273,-0.12125650841735307,-0.04274706387032676,-0.06364882120848013
163,0.48408109856027837,0.07970697970552036,0.11548215219595938,0.41728593784691265,0.49367781324239957,-0.12044637196891449,-0.04281828764047605,-0.06338427016719203
164,0.4870509212508322,0.08095306907807051,0.1169534642118869,0.4218873991360037,0.4971654977504272,-0.11964720899538764,-0.042888151205937364,-0.06311986130735849
165,0.49002074394138606,0.08221287588459697,0.1184351487928926,0.4265238476647583,0.5006631264068565,-0.1188590856030723,-0.04295666234835729,-0.06285559270326932
166,0.4929905666319399,0.08348650427368937,0.11992723550186045,0.43119544681444916,0.5041707191987134,-0.11808206094554417,-0.04302382940908627,-0.06259146258087214
167,0.49596038932249376,0.08477405889080084,0.12142975395685025,0.4359023593400624,0.5076882925069498,-0.1173161872639866,-0.04308966127207552,-0.06232746930638266
168,0.49893021201304766,0.0860756448285849,0.12294273381696136,0.44064474745797294,0.5112158594415239,-0.11656151060542286,-0.04315416729777435,-0.062063611365920125
169,0.5019000347036014,0.0873913677046451,0.12446620477723129,0.4454227727893816,0.5147534292403395,-0.11581806979510265,-0.04321735738809425,-0.06179988737643485
170,0.5048698573941554,0.08872133358395372,0.1260001965536835,0.45023659647903574,0.5183010078184542,-0.11508589755067516,-0.043279241891493354,-0.06153629605785631
171,0.5078396800847093,0.09006564901959564,0.12754473887485163,0.45508637918605854,0.5218585974428362,-0.1143650199759515,-0.043339831629067106,-0.061272836236179844
172,0.510809502775263,0.0914244210539278,0.12909986147033747,0.4599722811228248,0.5254261967023364,-0.113655456615961,-0.043399137877259034,-0.0610095068338288
173,0.513779325465817,0.09279775716966004,0.13066559406174397,0.4648944621315734,0.5290038008601199,-0.11295722116669085,-0.043457172309167146,-0.060746306854539196
174,0.5167491481563707,0.09418576536678054,0.1322419663486778,0.4698530816667101,0.5325914012550085,-0.11227032054035813,-0.043513947044358826,-0.06048323538905814
175,0.5197189708469246,0.09558855408752939,0.13382900800200181,0.4748482988901478,0.5361889858593744,-0.11159475592676232,-0.04356947456796072,-0.06022029159515371
176,0.5226887935374784,0.09700623225588945,0.13542674865067073,0.47988027268674655,0.539796538968024,-0.11093052236182196,-0.04362376774764713,-0.05995747469835865
177,0.5256586162280323,0.09843890928044426,0.13703521786980927,0.4849491617122302,0.5434140411691192,-0.11027760879670864,-0.04367683981637419,-0.059694783983943005
178,0.5286284389185862,0.09988669500606402,0.1386544451769875,0.4900551244543648,0.5470414697089402,-0.10963599878360555,-0.04372870432201193,-0.05943221878640757
179,0.53159826160914,0.10134969979058096,0.14028446000944655,0.4951983192593698,0.5506787979019565,-0.10900566964865964,-0.04377937516238852,-0.05916977849110336
180,0.5345680842996939,0.10282803443196419,0.14192529172550888,0.5003789043987196,0.5543259956897812,-0.10838659348146944,-0.043828866518820425,-0.058907462520859356
181,0.5375379069902477,0.104321810206863,0.14357696958713045,0.5055970381105009,0.5579830293476229,-0.10777873678257481,-0.0438771928648547,-0.05864527033509936
182,0.5405077296808016,0.10583113887543769,0.14523952274734386,0.5108528786570266,0.5616498614541409,-0.10718206054380063,-0.04392436894932271,-0.058383201423297046
183,0.5434775523713554,0.10735613263326163,0.1469129802521102,0.516146584366186,0.5653264512649883,-0.10659652089761075,-0.043970409754794014,-0.058121255298382905
184,0.5464473750619093,0.10889690418848179,0.14859737100896026,0.5214783137063647,0.5690127541361542,-0.10602206840759909,-0.044015330518701025,-0.05785943149535733
185,0.5494171977524632,0.11045356669092173,0.15029272379634276,0.5268482253201349,0.5727087220759505,-0.10545864896868638,-0.04405914668131692,-0.057597729563327496
186,0.552387020443017,0.11202623376915757,0.15199906724265763,0.5322564780913039,0.5764143034776817,-0.10490620354256563,-0.04410187388702991,-0.05733614906360195
187,0.5553568431335709,0.11361501953927301,0.15371642981225342,0.5377032312142463,0.5801294430739864,-0.10436466823072445,-0.04414352796850076,-0.05707468956450493
188,0.5583266658241247,0.11522003855486011,0.15544483981366033,0.5431886442096524,0.5838540823281911,-0.10383397489190915,-0.044184124913607084,-0.056813350637985836
189,0.5612964885146786,0.11684140588628564,0.15718432535959032,0.5487128770520464,0.5875881588680063,-0.10331405054810999,-0.04422368087410535,-0.05655213185619138
190,0.5642663112052324,0.11847923705104356,0.15893491438399823,0.5542760901663566,0.5913316070261038,-0.10280481818532819,-0.044262212127460135,-0.056291032787756504
191,0.5672361338957863,0.12013364804974482,0.16069663461823888,0.5598784445191023,0.5950843575993087,-0.10230619657133078,-0.04429973507217706,-0.05603005299544297
192,0.5702059565863402,0.12180475537894189,0.16246951357508,0.5655201017022491,0.5988463377875414,-0.10181810032638286,-0.044336266212548464,-0.05576919203204359
193,0.573175779276894,0.12349267597886746,0.16425357856376913,0.5712012239169039,0.602617471597744,-0.10134044049146794,-0.044371822134726874,-0.05550844943964587
194,0.5761456019674479,0.12519752731555378,0.16604885664152974,0.576921974156765,0.6063976792909204,-0.10087312405536425,-0.04440641950401537,-0.05524782474492806
195,0.5791154246580017,0.12691942731189815,0.16785537463800274,0.582682516164266,0.61018687790645,-0.10041605464711975,-0.044440075039722984,-0.05498731745866621
196,0.5820852473485556,0.12865849438289523,0.16967315912915473,0.5884830145434267,0.6139849810470462,-0.09996913242794861,-0.044472805506070946,-0.05472692707333742
197,0.5850550700391094,0.1304148474527473,0.17150223641879442,0.5943236348609512,0.6177918988024376,-0.0995322541645836,-0.04450462769710188,-0.05446665305991737
198,0.5880248927296633,0.13218860589986375,0.1733426325608255,0.6002045435917547,0.6216075381610437,-0.09910531373308701,-0.044535558422123964,-0.05420649486921644
199,0.5909947154202171,0.13397988964262514,0.17519437330242435,0.6061259083603661,0.625431802471915,-0.09868820176853636,-0.04456561449296677,-0.05394645192656378
200,0.593964538110771,0.1357888190705944,0.177057484115465,0.6120878978542784,0.6292645919490955,-0.09828080624408249,-0.044594812710740346,-0.05368652363360481
201,0.5969343608013249,0.1376155150792552,0.1789319901687748,0.6180906819551615,0.633105803480671,-0.09788301242689834,-0.04462316985374864,-0.05342670936615826
202,0.5999041834918787,0.1394600990916896,0.18081791630666758,0.6241344318596913,0.6369553305371952,-0.0974947029585703,-0.044650702662245245,-0.0531670084717691
203,0.6028740061824326,0.14132269300025532,0.18271528707864287,0.6302193199814206,0.6408130635870146,-0.09711575828218959,-0.04467742783311111,-0.05290742027253512
204,0.6058438288729864,0.1432034192568093,0.1846241266744588,0.6363455202507291,0.6446788895731513,-0.09674605641220568,-0.0447033619985842,-0.05264794405973168
205,0.6088136515635403,0.14510240080348077,0.18654445896209418,0.6425132079840639,0.6485526923952745,-0.09638547339865625,-0.04472852172357574,-0.052388579097098646
206,0.6117834742540941,0.1470197611071033,0.1884763074589071,0.6487225600295312,0.6524343527404423,-0.09603388333581811,-0.044752923491889945,-0.052129324619126144
207,0.614753296944648,0.14895562418580233,0.1904196953067186,0.6549737549095848,0.6563237479759969,-0.0956911584532668,-0.04477658369062213,-0.051870179829269066
208,0.6177231196352019,0.1509101145466742,0.19237464530914225,0.6612669726746577,0.660220752565444,-0.09535716945728819,-0.044799518613593436,-0.051611143903710674
209,0.6206929423257557,0.15288335728128152,0.1943411798587663,0.6676023952607708,0.6641252375587962,-0.095031785414816,-0.04482174443315633,-0.051352215986365024
210,0.6236627650163096,0.15487547799540863,0.19631932098118265,0.6739802063144803,0.6680370710510037,-0.09471487410494817,-0.04484327720657436,-0.05109339519298231
211,0.6266325877068634,0.15688660284328795,0.1983090903055485,0.6804005913483698,0.671956118031498,-0.09440630206836999,-0.04486413286167234,-0.050834680609943825
212,0.6296024103974173,0.15891685855949333,0.20031050903577247,0.6868637379072533,0.6758822402608846,-0.09410593471170822,-0.044884327180782446,-0.050576071293074974
213,0.6325722330879711,0.1609663723918695,0.20232359799559804,0.6933698353701311,0.6798152966855066,-0.09381363655794338,-0.04490387581217327,-0.05031756627184376
214,0.635542055778525,0.16303527220308645,0.2043483775480888,0.6999190753631047,0.6837551429383234,-0.09352927123519487,-0.044922794236553806,-0.050059164545064
215,0.6385118784690789,0.1651236863988175,0.20638486764524547,0.7065116515410094,0.6877016317739121,-0.09325270172082752,-0.044941097780949964,-0.04980086508527774
216,0.6414817011596327,0.16723174396177082,0.20843308779841516,0.7131477597480422,0.6916546129336737,-0.09298379041978964,-0.044958801604709754,-0.04954266683806582
217,0.6444515238501866,0.16935957448932704,0.21049305704513857,0.7198275982085832,0.6956139330051742,-0.09272239928376504,-0.04497592068300264,-0.04928456872141497
218,0.6474213465407404,0.17150730812091367,0.21256479400207282,0.7265513672753587,0.6995794358348982,-0.09246838996897903,-0.044992469825256974,-0.04902656962991791
219,0.6503911692312943,0.17367507564635717,0.2146483167769306,0.7333192698939544,0.7035509620354393,-0.09222162391806536,-0.04500846363794023,-0.04876866843139281
220,0.653360991921848,0.1758630084319627,0.21674364302321933,0.7401315113432358,0.7075283493983715,-0.09198196250479032,-0.045023916544360505,-0.04851086397112566
221,0.656330814612402,0.1780712384542689,0.21885078991088222,0.746988299396288,0.7115114327719736,-0.09174926713010606,-0.04503884277174203,-0.0482531550716489
222,0.6593006373029558,0.18029989834389995,0.22096977408836477,0.7538898445363544,0.7155000439015411,-0.09152339935645397,-0.04505325633436639,-0.04799554053262724
223,0.6622704599935096,0.18254912130654888,0.2231006117434466,0.7608363596505188,0.7194940118412846,-0.0913042209749266,-0.045067171057878004,-0.04773801913470561
224,0.6652402826840635,0.18481904123879728,0.2252433185077255,0.7678280605409248,0.7234931624625301,-0.09109159416662993,-0.04508060053981718,-0.047480589637163076
225,0.6682101053746173,0.18710979265162941,0.2273979095160384,0.7748651656271168,0.7274973188467995,-0.09088538155821735,-0.0450935581738301,-0.04722325078171329
226,0.6711799280651712,0.18942151070373914,0.2295643993776644,0.7819478961026265,0.7315063011731386,-0.09068544632559661,-0.04510605713832337,-0.0469660012926681
227,0.674149750755725,0.19175433125208635,0.2317428021331575,0.7890764761759164,0.7355199265371928,-0.09049165234264901,-0.04511811037940016,-0.04670883987730796
228,0.6771195734462789,0.19410839076564637,0.2339331313231644,0.7962511327103393,0.7395380093646265,-0.0903038641629383,-0.04512973063980729,-0.04645176522910931
229,0.6800893961368328,0.1964838264492808,0.23613539988546836,0.8034720957762137,0.7435603609142207,-0.09012194724590729,-0.04514093041855304,-0.04619477602646669
230,0.6830592188273866,0.198880776164287,0.2383496202186929,0.8107395983191091,0.7475867896543575,-0.08994576793496094,-0.04515172199811313,-0.045937870935852436
231,0.6860290415179405,0.20129937846100307,0.24057580415434962,0.8180538763077738,0.7516171011574714,-0.08977519356025986,-0.04516211743498093,-0.04568104861226288
232,0.6889988642084943,0.20373977263656448,0.2428139629079603,0.8254151689993683,0.7556510978951649,-0.08961009260016348,-0.04517212854259431,-0.04542430770003585
233,0.6919686868990482,0.20620209864059494,0.24506410715596863,0.8328237185278632,0.7596885796568673,-0.0894503345854061,-0.04518176692367749,-0.04516764683527356
234,0.694938509589602,0.2086864972076133,0.24732624692527433,0.8402797704904194,0.763729343041183,-0.08929579037512331,-0.04519104393009924,-0.044911064645597576
235,0.6979083322801559,0.2111931097742968,0.24960039166086967,0.8477835735863501,0.7677731818196231,-0.08914633207013571,-0.04519997069180417,-0.044654559752557665
236,0.7008781549707098,0.2137220785110572,0.2518865501989767,0.85533537975261,0.7718198868362796,-0.0890018331079769,-0.04520855810940477,-0.04439813077225251
237,0.7038479776612636,0.21627354638748666,0.25418473071195047,0.8629354444520514,0.7758692457758188,-0.08886216843459926,-0.04521681683731759,-0.04414177631655046
238,0.7068178003518175,0.21884765706920775,0.2564949407934434,0.8705840262136934,0.7799210435922476,-0.08872721434105321,-0.0452247573182894,-0.04388549499460379
239,0.7097876230423713,0.22144455505919175,0.25881718734026865,0.8782813872464337,0.7839750619816485,-0.08859684877466639,-0.04523238974445739,-0.04362928541354817
240,0.7127574457329252,0.22406438561149988,0.26115147662367544,0.8860277930539238,0.7880310797374025,-0.08847095120047967,-0.045239724086901946,-0.04337314618012346
241,0.715727268423479,0.22670729476144372,0.2634978142637966,0.8938235125544809,0.7920888726538879,-0.08834940268345702,-0.04524677009028403,-0.043117075901366174
242,0.7186970911140329,0.2293734293991898,0.265856205167781,0.9016688183906281,0.7961482132638179,-0.08823208606744536,-0.04525353725641276,-0.04286107318618228
243,0.7216669138045868,0.23206293715704931,0.2682266536234399,0.9095639864257424,0.8002088712829237,-0.08811888575583128,-0.045260034879830185,-0.04260513664592027
244,0.7246367364951406,0.23477596655996885,0.27060916317318395,0.9175092963779856,0.80427061305727,-0.08800968804410039,-0.045266272010834316,-0.042349264895888944
245,0.7276065591856945,0.2375126669356049,0.2730037366887046,0.9255050314166096,0.8083332019143887,-0.08790438094212012,-0.045272257484730356,-0.042093456556210745
246,0.7305763818762483,0.2402731884426336,0.2754103763469397,0.9335514782638733,0.8123963980705499,-0.08780285424024122,-0.04527799991840428,-0.04183771025249591
247,0.7335462045668022,0.24305768215295365,0.27782908356083347,0.9416489275237359,0.8164599583336537,-0.08770499969218931,-0.04528350769453176,-0.041582024617709684
248,0.736516027257356,0.24586629992877793,0.28025985908177803,0.9497976731402512,0.8205236365703115,-0.0876107107519247,-0.045288788997216604,-0.04132639829183162
249,0.7394858499479099,0.248699194582442,0.2827027028652789,0.9579980130447056,0.8245871831212556,-0.08751988291516918,-0.045293851777541125,-0.041070829924043
250,0.7424556726384638,0.25155651978275795,0.28515761414886653,0.9662502487389457,0.828650345152752,-0.08743241351449921,-0.04529870378177661,-0.0408153181728757
251,0.7454254953290176,0.25443843008100564,0.2876245914297908,0.9745546853776202,0.8327128665677499,-0.08734820176767046,-0.045303352549702226,-0.040559861706795555
252,0.7483953180195715,0.257345081002136,0.29010363238775194,0.9829116321136193,0.8367744876703919,-0.0872671489610332,-0.045307805399640036,-0.040304459206301484
253,0.7513651407101253,0.26027662891111936,0.2925947339965422,0.9913214015241666,0.8408349456623595,-0.08718915815492033,-0.045312069463288335,-0.040049109362746436
254,0.7543349634006792,0.26323323118210507,0.2950978923810109,0.9997843102644893,0.8448939740204433,-0.08711413452341198,-0.04531615165417951,-0.03979381088103581
255,0.757304786091233,0.26621504610109137,0.29761310289808757,1.0083006786436362,0.8489513028523497,-0.08704198513309795,-0.045320058694289275,-0.03953856247916338
256,0.7602746087817869,0.2692222328891093,0.30014036011642775,1.0168708306860812,0.8530066588127516,-0.0869726189733613,-0.04532379711385668,-0.03928336288865155
257,0.7632444314723408,0.2722549518027837,0.3026796577304019,1.0254950944913286,0.8570597647254556,-0.08690594713702927,-0.04532737323739662,-0.03902821085681749
258,0.7662142541628946,0.2753133639894967,0.3052309886814381,1.0341738016339823,0.8611103401159875,-0.08684188250613825,-0.04533079321702833,-0.038773105144865636
259,0.7691840768534485,0.27839763166582543,0.30779434500578673,1.0429072878177907,0.8651581005461119,-0.0867803400810775,-0.04533406300405593,-0.03851804453093979
260,0.7721538995440023,0.2815079180166489,0.3103697179185811,1.0516958924491207,0.86920275797773,-0.08672123675251096,-0.04533718837358171,-0.03826302780915408
261,0.7751237222345562,0.2846443872150289,0.31295709779568726,1.0605399586776283,0.8732440206955012,-0.08666449131449422,-0.045340174925555775,-0.03800805378985791
262,0.77809354492511,0.2878072045324378,0.3155564740781774,1.0694398337673854,0.8772815928827928,-0.08661002463936289,-0.04534302807187877,-0.03775312130200427
263,0.7810633676156639,0.2909965361824016,0.31816783540397187,1.078395868477274,0.8813151751973244,-0.08655775935477393,-0.04534575306768824,-0.03749822919064603
264,0.7840331903062178,0.29421254950804665,0.32079116944584096,1.0874084177099024,0.8853444640582838,-0.08650762015530356,-0.04534835498613514,-0.03724337632019406
265,0.7870030129967716,0.2974554128778412,0.32342646299847216,1.0964778400874713,0.889369152021465,-0.08645953357549369,-0.04535083874075431,-0.036988561573057355
266,0.7899728356873255,0.3007252957016836,0.326073701962811,1.1056044979718016,0.893388927710678,-0.0864134279875279,-0.0453532090874671,-0.03673378384971898
267,0.7929426583778793,0.3040223685510533,0.32873287124018774,1.1147887578443652,0.8974034753437998,-0.0863692337677773,-0.04535547061284627,-0.036479042071144996
268,0.7959124810684332,0.30734680299090517,0.3314039548749495,1.1240309896731995,0.901412475357909,-0.08632688297471657,-0.04535762776298016,-0.036224335175826905
269,0.798882303758987,0.31069877177607247,0.3340869358820938,1.1333315675519464,0.9054156036455842,-0.08628630963793647,-0.0453596848214016,-0.03596966212311422
270,0.8018521264495408,0.3140784487439071,0.3367817963373364,1.1426908692823081,0.9094125319437942,-0.08624744953870185,-0.045361645929095994,-0.035715021891575875
271,0.8048219491400948,0.3174860088261004,0.33948851736427765,1.152109276374211,0.9134029277767483,-0.08621024019447808,-0.045363515087191573,-0.03546041347888964
272,0.8077917718306485,0.32092162817896264,0.34220707901729713,1.161587174432246,0.9173864539286573,-0.08617462101505691,-0.04536529614641945,-0.03520583590423496
273,0.8107615945212024,0.32438548400344414,0.3449374604359514,1.1711249525149576,0.9213627691242043,-0.08614053298941551,-0.04536699283332015,-0.03495128820502468
274,0.8137314172117562,0.3278777547500689,0.34767963966160187,1.180723003760055,0.9253315272115918,-0.08610791894885578,-0.04536860873119015,-0.03469676944020036
275,0.8167012399023101,0.33139862000879367,0.35043359373049643,1.1903817249770605,0.92929237756701,-0.08607672335991386,-0.04537014729771302,-0.034442278688419085
276,0.8196710625928639,0.33494826051611387,0.3531992986641495,1.2001015166287885,0.9332449650518971,-0.08604689229833314,-0.04537161186809553,-0.03418781504777111
277,0.8226408852834178,0.33852685829562246,0.35597672934006613,1.2098827832218941,0.9371889294293856,-0.08601837359323412,-0.04537300564572038,-0.03393337763810747
278,0.8256107079739717,0.34213459646613276,0.35876585965875607,1.219725932663891,0.9411239061052218,-0.08599111652934825,-0.04537433172558688,-0.03367896559759622
279,0.8285805306645255,0.345771659454757,0.36156666234870577,1.2296313768714189,0.9450495252561062,-0.0859650720825462,-0.045375593078074136,-0.033424578085890666
280,0.8315503533550794,0.34943823288435233,0.3643791090624926,1.2395995313760757,0.9489654122508705,-0.08594019272849727,-0.04537679256426272,-0.03317021428223358
281,0.8345201760456332,0.35313450357549436,0.3672031703708213,1.249630815288666,0.9528711876253133,-0.0859164324087624,-0.045377932939307024,-0.03291587338502683
282,0.8374899987361871,0.3568606596974152,0.3700388156200969,1.2597256516918416,0.9567664664397368,-0.08589374666201527,-0.04537901684424719,-0.032661554614052894
283,0.8404598214267409,0.3606168905642972,0.37288601311296926,1.269884466999596,0.9606508590845904,-0.0858720923464435,-0.04538004682668339,-0.032407257206977215
284,0.8434296441172948,0.3644033868560615,0.3757447299009967,1.2801076915463014,0.9645239703535965,-0.08585142784724045,-0.04538102532711031,-0.03215298042232178
285,0.8463994668078487,0.36822034050380537,0.3786149318838082,1.2903957592081043,0.9683853998820854,-0.08583171290312376,-0.045381954692058045,-0.03189872353756392
286,0.8493692894984025,0.37206794468626153,0.381496583807298,1.3007491073515998,0.9722347421426575,-0.08581290856711893,-0.04538283717752713,-0.03164448584858728
287,0.8523391121889564,0.37594639399117197,0.3843896491070309,1.3111681772268988,0.9760715857416989,-0.08579497732435076,-0.04538367494190124,-0.03139026667176535
288,0.8553089348795102,0.3798558841998995,0.3872940901032767,1.321653413333651,0.979895514293111,-0.0857778828378513,-0.045384470063940585,-0.031136065340513996
289,0.8582787575700641,0.38379661251545916,0.3902098677807305,1.332205263989401,0.9837061054366132,-0.08576159012864434,-0.04538522453141782,-0.03088188120802368
290,0.8612485802606179,0.38776877744637867,0.39313694189072346,1.3428241809683483,0.9875029312930459,-0.08574606542113011,-0.0453859402522488,-0.030627713645414462
291,0.8642184029511718,0.3917725787972995,0.39607527095413597,1.3535106194362199,0.9912855584840896,-0.08573127610089407,-0.04538661905785328,-0.030373562041100095
292,0.8671882256417257,0.39580821784080206,0.3990248120895888,1.364265038342526,0.9950535473661651,-0.08571719081904332,-0.04538726269709168,-0.030119425802710723
293,0.8701580483322795,0.3998758970905545,0.40198552122396247,1.375087899796422,0.9988064529746686,-0.08570377926325984,-0.04538787285172798,-0.029865304353779876
294,0.8731278710228334,0.40397582053609715,0.4049573528585671,1.3859796696137574,1.0025438239886693,-0.08569101231190557,-0.04538845112708875,-0.029611197136207575
295,0.8760976937133872,0.4081081935255759,0.4079402601743787,1.3969408169744828,1.0062652032024033,-0.08567886189837932,-0.045388999061379484,-0.029357103608517718
296,0.8790675164039411,0.41227322275018075,0.41093419504028605,1.4079718143455269,1.009970127572177,-0.085667300967962,-0.045389518128869585,-0.029103023245166962
297,0.8820373390944949,0.4164711164264079,0.4139391078250073,1.4190731378715384,1.0136581273865886,-0.08565630356905772,-0.04539000973476358,-0.02884895553829213
298,0.8850071617850488,0.42070208405801895,0.4169549476241022,1.4302452667630938,1.0173287272827438,-0.08564584465012463,-0.04539047522832943,-0.028594899994596003
299,0.8879769844756027,0.4249663366770845,0.4199816620120269,1.4414886838226662,1.0209814451593031,-0.08563590018978785,-0.045390915895306666,-0.02834085613752955
300,0.8909468071661565,0.42926408672604827,0.423019197150342,1.4528038751214898,1.0246157926628774,-0.08562644707957467,-0.0453913329656154,-0.028086823505683697
301,0.8939166298567104,0.4335955480357398,0.4260674978019615,1.464191329912237,1.028231275265056,-0.08561746308143943,-0.045391727616296146,-0.02783280165207227
302,0.8968864525472642,0.43796093601803543,0.4291265071257242,1.475651541018174,1.0318273913684142,-0.08560892690657376,-0.045392100967218914,-0.027578790145697557
303,0.8998562752378181,0.44236046741694535,0.43219616692090873,1.4871850042353847,1.0354036333952719,-0.08560081803786035,-0.045392454092100715,-0.027324788568679936
304,0.9028260979283719,0.44679436055543037,0.43527641736466416,1.498792218838771,1.038959486651679,-0.08559311683832627,-0.045392788012402464,-0.0270707965181603
305,0.9057959206189258,0.45126283521725535,0.43836719712309336,1.510473687278785,1.0424944298269794,-0.0855858044511529,-0.045393103703638325,-0.02681681360484579
306,0.9087657433094797,0.4557661126183532,0.44146844337222285,1.5222299150856284,1.0460079351036553,-0.0855788627591453,-0.04539340209802839,-0.026562839452292535
307,0.9117355660000335,0.46030441560983415,0.4445800915741596,1.5340614112575173,1.0494994671990965,-0.08557227445200026,-0.04539368408094703,-0.026308873698289333
308,0.9147053886905874,0.4648779684185505,0.44770207574010623,1.5459686876777095,1.0529684845265863,-0.08556602287316335,-0.045393950500066144,-0.02605491599225852
309,0.9176752113811412,0.469486996899219,0.45083432815271707,1.557952259602584,1.0564144380133438,-0.08556009210912173,-0.04539420216050101,-0.02580096599688987
310,0.9206450340716951,0.4741317284165196,0.45397677947991893,1.570012645378322,1.0598367716111472,-0.08555446690524442,-0.04539443982991958,-0.025547023386849284
311,0.9236148567622489,0.47881239180962737,0.4571293588033637,1.5821503663382306,1.063234922441383,-0.08554913262810002,-0.04539466424088894,-0.02529308784808235
312,0.9265846794528028,0.48352921760552,0.4602919933751108,1.5943659471917382,1.0666083197730172,-0.08554407532221868,-0.045394876087965906,-0.025039159079021777
313,0.9295545021433567,0.488282437749384,0.4634646089001107,1.606659915456054,1.0699563862546855,-0.08553928157968162,-0.045395076035203596,-0.02478523678827176
314,0.9325243248339105,0.49307228586161467,0.46664712924310836,1.6190328019294071,1.0732785366903057,-0.08553473861277301,-0.045395264712330546,-0.0245313206959916
315,0.9354941475244644,0.49789899712060576,0.4698394765450136,1.6314851404274937,1.0765741785583505,-0.08553043418401235,-0.045395442718846,-0.024277410532767885
316,0.9384639702150182,0.502762808220303,0.47304157125963403,1.6440174676753476,1.0798427121941434,-0.08552635657189837,-0.04539561062605893,-0.024023506038955308
317,0.941433792905572,0.5076639575937744,0.4762533318898431,1.6566303236998061,1.083083529704852,-0.08552249461828015,-0.04539576897472854,-0.023769606965717532
318,0.9444036155961258,0.5126026851338267,0.47947467529046034,1.669324251274584,1.0862960162708528,-0.0855188376186499,-0.0453959182811635,-0.023515713072994715
319,0.9473734382866797,0.517579232454503,0.4827055163593969,1.6820997963828965,1.089479548882667,-0.08551537538058512,-0.04539605903424464,-0.023261824130659817
320,0.9503432609772335,0.5225938427749998,0.48594576815633683,1.6949575079732917,1.0926334968662286,-0.08551209816625857,-0.04539619169867505,-0.023007939917548445
321,0.9533130836677874,0.5276467608701265,0.48919534194857767,1.7078979378472419,1.0957572221040952,-0.08550899666190846,-0.04539631671672367,-0.02275406022084848
322,0.9562829063583413,0.5327382333041422,0.49245414692566886,1.7209216410591717,1.0988500778885595,-0.08550606201695439,-0.04539643450633015,-0.022500184836987146
323,0.9592527290488951,0.5378685081419294,0.4957220905235666,1.7340291753725485,1.1019114102898506,-0.0855032857527724,-0.045396545466011254,-0.022246313569871633
324,0.962222551739449,0.543037835214685,0.4989990780997914,1.7472211017174029,1.1049405568582156,-0.0855006598091928,-0.04539664997256357,-0.02199244623184346
325,0.9651923744300028,0.5482464660053857,0.5022850130541299,1.7604979839650368,1.1079368471523476,-0.08549817649778885,-0.045396748383618374,-0.021738582642855494
326,0.9681621971205567,0.5534946535920642,0.5055797968844302,1.7738603888121602,1.1108996030007794,-0.0854958284751482,-0.04539684103911038,-0.0214847226299179
327,0.9711320198111105,0.5587826528919756,0.5088833288787289,1.7873088861942095,1.1138281372943302,-0.08549360877484385,-0.04539692825977001,-0.02123086602784577
328,0.9741018425016644,0.564110720363643,0.512195506461494,1.8008440487486976,1.1167217554182338,-0.08549151073241375,-0.045397010351032205,-0.02097701267775584
329,0.9770716651922183,0.5694791142765204,0.5155162248526427,1.814466452274607,1.119579753923064,-0.08548952802196576,-0.045397087601280736,-0.02072316242784492
330,0.9800414878827721,0.5748880945984227,0.5188453771899192,1.8281766755253928,1.122401421053339,-0.08548765461862864,-0.04539716028383794,-0.02046931513270078
331,0.983011310573326,0.580337922931541,0.5221828545955045,1.84197530009004,1.1251860370499671,-0.0854858847755273,-0.045397228658185185,-0.020215470652808057
332,0.9859811332638798,0.585828862767096,0.5255285458446827,1.8558629108273301,1.1279328728831604,-0.08548421304965835,-0.045397292968774115,-0.019961628855171814
333,0.9889509559544337,0.5913611791785027,0.5288823377349195,1.8698400953311325,1.1306411917452832,-0.08548263424084582,-0.045397353448111834,-0.019707789612048648
334,0.9919207786449875,0.5969351390949099,0.5322441147286602,1.8839074444003068,1.133310247693949,-0.0854811434202652,-0.0453974103154315,-0.019453952801574453
335,0.9948906013355414,0.6025510111909843,0.5356137590769828,1.8980655518493919,1.1359392861777082,-0.08547973590056791,-0.04539746377822815,-0.01920011830719443
336,0.9978604240260953,0.6082090658156065,0.5389911508978882,1.912315014386381,1.1385275443800371,-0.08547840721633906,-0.04539751403325991,-0.018946286017229592
337,1.0008302467166492,0.6139095752572861,0.54237616782059,1.9266564320778647,1.1410742498934898,-0.08547715314484398,-0.04539756126561893,-0.01869245582539156
338,1.003800069407203,0.6196528134286073,0.5457686853781014,1.941090407809146,1.1435786222699795,-0.08547596965685601,-0.04539760565114462,-0.01843862762972382
339,1.0067698920977568,0.6254390561436908,0.5491685766338008,1.9556175477751405,1.1460398716387297,-0.08547485293866619,-0.04539764735542615,-0.018184801333102473
340,1.0097397147883107,0.6312685810107082,0.5525757123059016,1.9702384613081807,1.1484571992258579,-0.08547379936854571,-0.045397686534977624,-0.01793097684277036
341,1.0127095374788646,0.6371416673532008,0.5559899608582904,1.984953760751569,1.1508297977400697,-0.08547280550038527,-0.04539772333804966,-0.017677154069962103
342,1.0156793601694185,0.6430585964866852,0.5594111881195479,1.9997640619681614,1.1531568499881244,-0.08547186808018017,-0.04539775790390932,-0.0174233329303252
343,1.0186491828599722,0.6490196513944365,0.5628392576996474,2.014669983786122,1.1554375304794327,-0.0854709840068023,-0.04539779036471155,-0.017169513343046106
344,1.021619005550526,0.6550251170090728,0.566274030600322,2.029672148523347,1.1576710040205864,-0.08547015034882323,-0.0453978208447572,-0.01691569523124566
345,1.02458882824108,0.6610752801081803,0.5697153653398467,2.0447711818319556,1.1598564262255717,-0.08546936432614409,-0.045397849461384684,-0.016661878521602308
346,1.027558650931634,0.6671704292281716,0.5731631180572766,2.059967712565715,1.1619929439430616,-0.08546862329647166,-0.0453978763256206,-0.016408063144032255
347,1.0305284736221876,0.6733108549527188,0.5766171421053239,2.075262373347684,1.1640796938121702,-0.08546792476830538,-0.04539790154162601,-0.01615424903203086
348,1.0334982963127415,0.6794968495797793,0.580077288491703,2.09065579999005,1.166115803918734,-0.08546726636992978,-0.04539792520813579,-0.015900436121958444
349,1.0364681190032954,0.685728707407705,0.5835434054733698,2.106148632066852,1.168100392366829,-0.08546664586215695,-0.04539794741791125,-0.01564662435334974
350,1.0394379416938493,0.6920067246343514,0.5870153386810525,2.1217415127749315,1.1700325677762455,-0.08546606112411817,-0.04539796825841136,-0.015392813668612141
351,1.0424077643844032,0.6983311992633602,0.590492931237734,2.137435088792158,1.17191142975114,-0.08546551014221643,-0.045397987812308735,-0.015139004012756307
352,1.0453775870749569,0.7047024314053079,0.5939760233245038,2.1532300109232194,1.1737360673734374,-0.0854649910202747,-0.045398006157067204,-0.014885195333670595
353,1.0483474097655108,0.7111207229356931,0.5974644526470241,2.1691269334792866,1.1755055609090317,-0.08546450195524045,-0.04539802336603988,-0.014631387581543066
354,1.0513172324560647,0.7175863777862085,0.6009580540137264,2.1851265149162704,1.1772189803549726,-0.08546404124675361,-0.04539803950806882,-0.01437758070910131
355,1.0542870551466186,0.7240997018477046,0.6044566594594724,2.2012294177123057,1.1788753859207197,-0.0854636072862516,-0.04539805464798619,-0.014123774671373214
356,1.0572568778371725,0.7306610028687254,0.6079600983791079,2.217436308212266,1.1804738285379248,-0.08546319854804406,-0.04539806884701963,-0.013869969425462652
357,1.0602267005277262,0.7372705907705738,0.6114681970653769,2.2337478573747283,1.1820133482866588,-0.08546281359718179,-0.04539808216247213,-0.013616164930768351
358,1.06319652321828,0.7439287772957489,0.6149807792009431,2.2501647400941773,1.1834929761510546,-0.08546245107057868,-0.04539809464855356,-0.01336236114852031
359,1.066166345908834,0.750635876305285,0.6184976654206085,2.2666876359246646,1.1849117325387013,-0.08546210968413667,-0.04539810635608999,-0.013108558041964074
360,1.0691361685993879,0.7573922036859531,0.6220186734334306,2.283317228974334,1.1862686277420067,-0.08546178822446,-0.0453981173328953,-0.012854755576172798
361,1.0721059912899416,0.7641980772407966,0.6255436181721611,2.300054207729993,1.187562662489126,-0.0854614855417184,-0.04539812762408644,-0.012600953717862493
362,1.0750758139804955,0.7710538170196853,0.6290723113022433,2.3168992659326975,1.1887928262953127,-0.08546120055570451,-0.045398137271842685,-0.012347152435565202
363,1.0780456366710494,0.7779597449574202,0.6326045617397977,2.3338531018218243,1.1899580992693373,-0.08546093224128085,-0.04539814631603069,-0.012093351699260495
364,1.0810154593616033,0.7849161851783427,0.636140175197879,2.3509164189668366,1.191057450598982,-0.08546067963364366,-0.045398154793995026,-0.011839551480515737
365,1.0839852820521572,0.7919234639081858,0.639678954306317,2.3680899261799278,1.1920898389885963,-0.08546044182207088,-0.04539816274083172,-0.011585751752339802
366,1.0869551047427108,0.7989819093562397,0.6432206987778413,2.385374337312405,1.1930542132516928,-0.08546021794426996,-0.04539817018963139,-0.011331952489032394
367,1.0899249274332647,0.8060918520634067,0.646765204887067,2.4027703722912492,1.1939495105760758,-0.08546000719100928,-0.04539817717129929,-0.01107815366632017
368,1.0928947501238186,0.8132536245288742,0.6503122660148687,2.4202787562606995,1.1947746583847412,-0.08545980879498259,-0.04539818371502198,-0.010824355261066025
369,1.0958645728143726,0.820467561523533,0.6538616721785895,2.437900220547802,1.1955285727782312,-0.08545962203466897,-0.04539818984811744,-0.01057055725137515
370,1.0988343955049265,0.8277340000069302,0.6574132101488133,2.455635502595047,1.1962101589440848,-0.08545944622965032,-0.04539819559623505,-0.010316759616482032
371,1.1018042181954801,0.835053279000544,0.6609666636329777,2.473485345717942,1.1968183117924902,-0.08545928073617491,-0.04539820098354159,-0.010062962336628707
372,1.104774040886034,0.8424257399558757,0.6645218127230764,2.4914505003404295,1.1973519141193014,-0.08545912495067623,-0.04539820603258753,-0.009809165393171084
373,1.107743863576588,0.8498517263682096,0.6680784344668921,2.5095317230055385,1.1978098385281477,-0.08545897830131177,-0.045398210764653155,-0.009555368768351287
374,1.1107136862671418,0.8573315841007616,0.6716363023819303,2.5277297775036107,1.198190945816723,-0.08545884025077383,-0.0453982151996421,-0.009301572445377269
375,1.1136835089576955,0.8648656613072454,0.6751951865682587,2.546045434827809,1.1984940853533084,-0.08545871029280691,-0.04539821935622655,-0.009047776408336216
376,1.1166533316482494,0.8724543082955445,0.6787548539104268,2.5644794728795755,1.1987180957581358,-0.08545858794875467,-0.045398223251988515,-0.008793980642096917
377,1.1196231543388033,0.8800978779189808,0.6823150674923595,2.5830326779468966,1.1988618029428775,-0.0854584727702176,-0.04539822690332094,-0.008540185132392514
378,1.1225929770293572,0.8877967251752494,0.6858755871960238,2.601705843551187,1.1989240221044108,-0.08545836433266608,-0.045398230325682944,-0.008286389865643255
379,1.1255627997199111,0.8955512075436368,0.6894361691986531,2.6204997717705227,1.198903556037877,-0.08545826223747353,-0.04539823353352465,-0.008032594829015962
380,1.1285326224104648,0.9033616849137973,0.6929965660807107,2.639415273222206,1.198799195474697,-0.08545816610934368,-0.045398236540392,-0.007778800010358107
381,1.1315024451010187,0.9112285194388675,0.69655652704697,2.6584531666997053,1.19860971981407,-0.08545807559364313,-0.04539823935903318,-0.007525005398120191
382,1.1344722677915726,0.9191520759537634,0.7001157973067413,2.677614280944714,1.1983338950108595,-0.08545799035839834,-0.04539824200132603,-0.007271210981419707
383,1.1374420904821265,0.9271327215568699,0.7036741187006947,2.6968994532925903,1.1979704756559593,-0.08545791008950337,-0.04539824447846509,-0.007017416749904115
384,1.1404119131726804,0.9351708259631368,0.7072312291806804,2.71630953122669,1.1975182031940923,-0.08545783449218172,-0.04539824680090887,-0.0067636226937949386
385,1.143381735863234,0.9432667614397798,0.7107868629117733,2.7358453723938503,1.1969758062167235,-0.08545776328909738,-0.04539824897845502,-0.006509828803837928
386,1.146351558553788,0.9514209026475867,0.7143407505134421,2.755507844152944,1.1963420012504318,-0.08545769621830902,-0.04539825102032015,-0.006256035071241785
387,1.149321381244342,0.9596336270909075,0.7178926184027963,2.775297825699501,1.1956154904571967,-0.08545763303476314,-0.04539825293508658,-0.006002241487727383
388,1.1522912039348958,0.9679053146791132,0.7214421894505233,2.7952162064668213,1.1947949638216306,-0.08545757350671848,-0.04539825473083882,-0.005748448045422426
389,1.1552610266254495,0.9762363480988926,0.724989182442264,2.815263887951665,1.1938790972459845,-0.08545751741679115,-0.04539825641512674,-0.0054946547368940005
390,1.1582308493160034,0.9846271127577416,0.7285333121735831,2.835441783770656,1.1928665527899516,-0.0854574645605758,-0.0453982579950193,-0.005240861555111038
391,1.1612006720065573,0.9930779966118597,0.7320742897122601,2.8557508190966674,1.1917559795256365,-0.08545741474508663,-0.045398259477163846,-0.004987068493396437
392,1.1641704946971112,1.0015893906447841,0.7356118217141372,2.876191933162438,1.1905460110487123,-0.08545736778983892,-0.0453982608677485,-0.004733275545463738
393,1.167140317387665,1.0101616884615334,0.7391456110280075,2.896766077641493,1.1892352675112796,-0.08545732352438801,-0.04539826217259417,-0.004479482705342303
394,1.1701101400782188,1.0187952865431267,0.7426753563398838,2.917474218109209,1.1878223542775221,-0.08545728178859492,-0.04539826339714631,-0.004225689967387173
395,1.1730799627687727,1.0274905843233453,0.746200752080033,2.938317334734192,1.1863058614744237,-0.08545724243207507,-0.045398264546496696,-0.003971897326263606
396,1.1760497854593266,1.0362479841403145,0.7497214885101303,2.959296422335948,1.1846843641861537,-0.0854572053133375,-0.045398265625416025,-0.003718104776921711
397,1.1790196081498805,1.0450678912669267,0.7532372516972503,2.9804124908206497,1.1829564222436442,-0.08545717029924864,-0.04539826663837455,-0.0034643123145805805
398,1.1819894308404342,1.0539507140303703,0.7567477233628517,3.001666566101539,1.1811205795427133,-0.08545713726473701,-0.0453982675895539,-0.0032105199347203157
399,1.184959253530988,1.0628968638599057,0.760252580836671,3.0230596906813205,1.1791753637226883,-0.08545710609228882,-0.045398268482866405,-0.0029567276330673556
400,1.187929076221542,1.0719067552766866,0.7637514970929111,3.044592923911283,1.1771192861499302,-0.08545707667136555,-0.045398269321976874,-0.00270293540557692
401,1.1908988989120959,1.0809808059269153,0.7672441407250256,3.0662673424708147,1.1749508416741115,-0.08545704889798066,-0.045398270110318585,-0.002449143248420225
402,1.1938687216026498,1.0901194367617943,0.7707301757193233,3.088084041712863,1.1726685075928203,-0.08545702267453706,-0.045398270851100014,-0.00219535115798043
403,1.1968385442932035,1.099323071994869,0.7742092615399464,3.11004413576583,1.1702707437873594,-0.08545699790925995,-0.04539827154732567,-0.0019415591308352322
404,1.1998083669837574,1.108592139145193,0.7776810530949204,3.132148758107791,1.1677559924061431,-0.08545697451583546,-0.04539827220180958,-0.0016877671637456724
405,1.2027781896743113,1.1179270691093055,0.7811452006632028,3.1543990623134825,1.1651226773877823,-0.08545695241312146,-0.04539827281718611,-0.0014339752536475351
406,1.2057480123648652,1.1273282963213893,0.7846013497061488,3.1767962233840326,1.162369203486833,-0.08545693152495622,-0.045398273395917337,-0.0011801833976459357
407,1.208717835055419,1.1367962587008054,0.7880491409686444,3.1993414377851073,1.15949395644783,-0.08545691177970445,-0.045398273940309486,-0.0009263915930009212
408,1.2116876577459728,1.146331397698797,0.7914882104450104,3.222035924067466,1.156495302645674,-0.08545689310997992,-0.045398274452523014,-0.000672599837118771
409,1.2146574804365267,1.1559341584762957,0.7949181891726607,3.244880924346618,1.1533715879898505,-0.08545687545251064,-0.04539827493457785,-0.0004188081275481221
410,1.2176273031270806,1.165604989935833,0.7983387032236703,3.2678777048938903,1.1501211376117786,-0.08545685874783968,-0.04539827538836419,-0.000165016461970689
411,1.2205971258176345,1.1753443447476908,0.8017493737039911,3.2910275566709988,1.1467422555889903,-0.08545684294005254,-0.04539827581565227,8.877516180760421e-05
412,1.2235669485081881,1.18515267939922,0.8051498167213039,3.314331796002797,1.1432332245399273,-0.0854568279765561,-0.04539827621810026,0.0003425667458636745
413,1.226536771198742,1.195030454427405,0.808539643119416,3.337791766528356,1.1395923041604499,-0.08545681380799101,-0.04539827659725775,0.0005963582921597141
414,1.229506593889296,1.2049781343736035,0.8119184585745843,3.3614088392935266,1.1358177313175024,-0.08545680038793789,-0.04539827695457598,0.0008501498025527515
415,1.2324764165798499,1.2149961878481041,0.8152858635494366,3.3851844135647866,1.1319077195278031,-0.08545678767273268,-0.04539827729141442,0.001103941278800788
416,1.2354462392704038,1.2250850876507076,0.8186414531763282,3.4091199180430856,1.1278604581040952,-0.0854567756213293,-0.045398277609045676,0.0013577327225671508
417,1.2384160619609574,1.2352453109613595,0.8219848170582106,3.4332168126361706,1.1236741108599428,-0.0854567641951878,-0.04539827790865957,0.0016115241354238865
418,1.2413858846515113,1.2454773392954972,0.8253155393660412,3.4574765885466356,1.1193468161808195,-0.08545675335804806,-0.04539827819137093,0.0018653155188595146
419,1.2443557073420652,1.2557816585728592,0.8286331987920676,3.4819007691455006,1.114876686441854,-0.08545674307578849,-0.045398278458224514,0.0021191068742836537
420,1.2473255300326191,1.2661587593835342,0.8319373682641019,3.5064909123416093,1.1102618062280845,-0.08545673331636752,-0.045398278710197165,0.0023728982030287718
421,1.250295352723173,1.2766091369868717,0.8352276149916199,3.5312486110130075,1.1055002321143559,-0.08545672404964985,-0.04539827894820381,0.0026266895063560705
422,1.2532651754137267,1.2871332913878186,0.8385035004166025,3.5561754939890267,1.1005899919928046,-0.08545671524728138,-0.0453982791731017,0.002880480785459745
423,1.2562349981042806,1.2977317274787117,0.8417645800860857,3.581273227535393,1.0955290839947989,-0.08545670688259586,-0.045398279385693685,0.0031342720414701906
424,1.2592048207948345,1.3084049551822197,0.8450104035269546,3.6065435168996043,1.0903154753674387,-0.08545669893051973,-0.04539827958673147,0.0033880632754570367
425,1.2621746434853884,1.3191534895558847,0.8482405141693975,3.6319881075622575,1.0849471015791787,-0.08545669136746928,-0.04539827977691911,0.003641854488432779
426,1.2651444661759421,1.3299778508790625,0.8514544492912458,3.657608786359377,1.0794218655203929,-0.08545668417125202,-0.045398279956916344,0.0038956456813561587
427,1.268114288866496,1.3408785648117332,0.8546517398800728,3.6834073831895755,1.0737376362395659,-0.08545667732099019,-0.045398280127341206,0.004149436855134848
428,1.27108411155705,1.351856162512503,0.8578319105452082,3.709385772416578,1.0678922479148119,-0.08545667079703771,-0.0453982802887728,0.0044032280106282365
429,1.2740539342476038,1.3629111807727685,0.8609944794126279,3.7355458744164367,1.061883498706464,-0.08545666458090515,-0.04539828044175382,0.004657019148650123
430,1.2770237569381577,1.374044162155536,0.864138958016375,3.7618896571804945,1.0557091495607136,-0.08545665865518927,-0.045398280586792905,0.004910810269971176
431,1.2799935796287114,1.3852556551390653,0.8672648511863685,3.7884191379764935,1.0493669229621772,-0.08545665300350691,-0.04539828072436682,0.005164601375321248
432,1.2829634023192653,1.3965462142655218,0.8703716569324458,3.815136385070367,1.0428545016331607,-0.08545664761043281,-0.04539828085492255,0.00541839246539166
433,1.2859332250098192,1.4079164003095688,0.8734588663083361,3.8420435196391844,1.0361695270778346,-0.08545664246144283,-0.045398280978879116,0.005672183540837104
434,1.2889030477003731,1.4193667804281032,0.876525963298608,3.8691427175462936,1.0293095982270548,-0.08545663754285743,-0.04539828109662949,0.005925974602277757
435,1.291872870390927,1.4308979283123788,0.8795724247041813,3.8964362111517197,1.0222722700485316,-0.08545663284178885,-0.04539828120854226,0.006179765650301169
436,1.2948426930814807,1.442510424376314,0.8825977199903986,3.9239262914598867,1.0150550518873886,-0.08545662834609466,-0.045398281314963186,0.006433556685463925
437,1.2978125157720346,1.4542048559253045,0.8856013111583032,3.9516153101225537,1.0076554059117886,-0.08545662404433137,-0.04539828141621669,0.006687347708293411
438,1.3007823384625885,1.4659818173392547,0.888582652602251,3.979505681589441,1.0000707454357836,-0.08545661992571177,-0.045398281512607205,0.006941138719289264
439,1.3037521611531424,1.4778419102621028,0.8915411909624561,4.007599885341994,0.9922984331693472,-0.08545661598006493,-0.04539828160442049,0.007194929718924918
440,1.306721983843696,1.4897857437980735,0.8944763649722487,4.035900468214202,0.9843357793921983,-0.08545661219779849,-0.04539828169192482,0.00744872070764896
441,1.30969180653425,1.5018139347149408,0.897387605299808,4.064410046804749,0.9761800400477623,-0.08545660856986333,-0.04539828177537212,0.007702511685886513
442,1.312661629224804,1.5139271076950884,0.9002743343425852,4.0931313103634555,0.9678284144577828,-0.08545660508772239,-0.04539828185499894,0.007956302654040275
443,1.3156314519153578,1.5261258954771497,0.9031359661365559,4.122067022696571,0.9592780437930799,-0.08545660174331499,-0.04539828193102757,0.008210093612491951
444,1.3186012746059117,1.5384109391409106,0.9059719061189592,4.151220025424968,0.9505260084793121,-0.0854565985290308,-0.04539828200366692,0.008463884561603189
445,1.3215710972964654,1.5507828883257193,0.9087815509620286,4.180593240668604,0.9415693260398836,-0.08545659543768128,-0.0453982820731133,0.008717675501716647
446,1.3245409199870193,1.5632424014500004,0.9115642884067712,4.210189673763304,0.932404948904193,-0.08545659246247272,-0.045398282139551355,0.008971466433157093
447,1.3275107426775732,1.5757901460077313,0.9143194970206193,4.240012416758905,0.9230297615934253,-0.08545658959698384,-0.04539828220315472,0.009225257356232116
448,1.330480565368127,1.5884267988005862,0.9170465460224223,4.270064651339915,0.913440578347224,-0.08545658683514135,-0.04539828226408677,0.009479048271233146
449,1.333450388058681,1.6011530462162769,0.9197447950624085,4.300349652231801,0.9036341403589035,-0.08545658417119881,-0.045398282322501274,0.00973283917843623
450,1.3364202107492347,1.6139695845146407,0.9224135939965276,4.330870790730245,0.8936071129021451,-0.08545658159971631,-0.04539828237854298,0.009986630078102783
451,1.3393900334397886,1.6268771201086536,0.9250522826675274,4.3616315382276705,0.8833560824482326,-0.08545657911554105,-0.045398282432348266,0.010240420970480404
452,1.3423598561303425,1.6398763698735197,0.9276601906601916,4.392635470066821,0.8728775535136312,-0.08545657671378948,-0.04539828248404564,0.01049421185580344
453,1.3453296788208964,1.6529680614673326,0.9302366370472749,4.423886269565916,0.8621679453594143,-0.08545657438983031,-0.045398282533756225,0.010748002734293691
454,1.34829950151145,1.6661529336521608,0.9327809301368433,4.455387732106097,0.8512235886286749,-0.08545657213926844,-0.045398282581594285,0.011001793606160997
455,1.351269324202004,1.6794317366332132,0.9352923672038599,4.487143769461181,0.840040721779373,-0.0854565699579297,-0.045398282627667624,0.011255584471603871
456,1.3542391468925579,1.692805232411144,0.9377702342109261,4.519158414326101,0.8286154873463614,-0.08545656784184656,-0.04539828267207806,0.011509375330809923
457,1.3572089695831118,1.706274195148121,0.9402138055176603,4.551435825055489,0.8169439280229913,-0.08545656578724456,-0.04539828271492176,0.011763166183956439
458,1.3601787922736657,1.719839411548287,0.9426223435781614,4.583980290624484,0.8050219825520849,-0.08545656379052952,-0.04539828275628966,0.012016957031210824
459,1.3631486149642194,1.7335016812532944,0.9449950986259742,4.6167962358248,0.7928454814153431,-0.08545656184827534,-0.04539828279626777,0.012270747872731037
460,1.3661184376547733,1.747261817253643,0.9473313083459449,4.649888226709914,0.7804101423095062,-0.08545655995721248,-0.04539828283493754,0.01252453870866606
461,1.3690882603453272,1.7611206463165576,0.9496301975323103,4.683260976304232,0.7677115653967871,-0.08545655811421692,-0.045398282872376135,0.012778329539156181
462,1.372058083035881,1.7750790094312439,0.9518909777323351,4.716919350592148,0.7547452283161863,-0.08545655631629981,-0.045398282908656724,0.013032120364333426
463,1.375027905726435,1.7891377622774582,0.9541128468700752,4.750868374860234,0.7415064808961305,-0.08545655456059739,-0.04539828294384878,0.013285911184321866
464,1.3779977284169886,1.8032977756901492,0.9562949888753741,4.785113240101016,0.7279905398024598,-0.08545655284436139,-0.04539828297801832,0.01353970199923792
465,1.3809675511075425,1.8175599361927464,0.9584365732514754,4.819659310287719,0.7141924824694451,-0.08545655116495003,-0.045398283011228134,0.013793492809190698
466,1.3839373737980964,1.8319251465097235,0.9605367546635686,4.854512129543806,0.7001072410985301,-0.08545654951981911,-0.045398283043538046,0.01404728361428217
467,1.3869071964886504,1.8463943260779183,0.9625946725297845,4.889677429423192,0.6857295965526743,-0.08545654790651332,-0.04539828307500511,0.01430107441460748
468,1.389877019179204,1.8609684116600806,0.9646094505207593,4.925161137479877,0.6710541711920543,-0.08545654632265817,-0.04539828310568382,0.014554865210255123
469,1.392846841869758,1.8756483579459318,0.9665801960728392,4.960969385854978,0.6560754216761758,-0.08545654476595207,-0.04539828313562633,0.014808656001307216
470,1.3958166645603118,1.8904351381175186,0.9685059999348412,4.997108519610882,0.6407876319548402,-0.08545654323415815,-0.045398283164882584,0.015062446787839592
471,1.3987864872508657,1.9053297445287947,0.9703859356132531,5.03358510654708,0.6251849050401614,-0.08545654172509676,-0.045398283193500574,0.015316237569922016
472,1.4017563099414196,1.9203331894246276,0.9722190587844552,5.070405947674253,0.6092611542221597,-0.0854565402366379,-0.04539828322152646,0.015570028347618297
473,1.4047261326319733,1.935446505564048,0.9740044067940413,5.10757808675911,0.5930100950233276,-0.08545653876669355,-0.04539828324900476,0.015823819120986425
474,1.4076959553225272,1.9506707469911322,0.9757409980255278,5.145108821815007,0.5764252355508752,-0.08545653731321011,-0.045398283275978495,0.016077609890078733
475,1.4106657780130811,1.966006989873211,0.9774278312116405,5.18300571764924,0.5594998659634015,-0.08545653587416098,-0.045398283302489364,0.01633140065494185
476,1.413635600703635,1.9814563332083424,0.979063884863043,5.221276617074116,0.5422270490110419,-0.08545653444753872,-0.04539828332857789,0.016585191415616873
477,1.416605423394189,1.997019899695284,0.9806481165542782,5.259929654339121,0.5245996087413904,-0.0854565330313473,-0.045398283354283565,0.01683898217213939
478,1.4195752460847426,2.0126988367168828,0.9821794621121315,5.298973270276064,0.5066101177771266,-0.08545653162359415,-0.04539828337964501,0.017092772924539444
479,1.4225450687752965,2.0284943171173606,0.9836568349867663,5.3384162251741705,0.48825088643695014,-0.08545653022228177,-0.04539828340470013,0.017346563672841687
480,1.4255148914658504,2.044407540310251,0.9850791253338673,5.378267616136513,0.46951394815587655,-0.08545652882539923,-0.04539828342948624,0.017600354417065176
481,1.4284847141564043,2.0604397331924784,0.9864451992685617,5.418536892333374,0.4503910466121966,-0.08545652743091313,-0.045398283454040234,0.01785414515722345
482,1.431454536846958,2.07659215132071,0.9877538978915564,5.459233874003689,0.43087361974771343,-0.08545652603675807,-0.045398283478398735,0.018107935893324427
483,1.434424359537512,2.0928660799555074,0.9890040364323853,5.500368770173686,0.41095278482196607,-0.08545652464082669,-0.04539828350259823,0.018361726625370372
484,1.4373941822280658,2.1092628352838023,0.9901944032387631,5.5419521991281595,0.3906193211748019,-0.08545652324095875,-0.04539828352667528,0.018615517353357695
485,1.4403640049186197,2.1257837656865446,0.9913237587285942,5.583995210006591,0.369863652034966,-0.08545652183492967,-0.04539828355066662,0.018869308077276863
486,1.4433338276091736,2.142430252971112,0.9923908343739095,5.626509304415795,0.34867582629346505,-0.08545652042043815,-0.045398283574609406,0.01912309879711222
487,1.4463036502997273,2.1592037138703897,0.9933943314556906,5.669506462246194,0.3270454967737841,-0.08545651899509231,-0.045398283598541325,0.019376889512841753
488,1.4492734729902812,2.1761056013894313,0.9943329199520818,5.712999166029989,0.30496189968497706,-0.08545651755639519,-0.045398283622500854,0.019630680224436946
489,1.452243295680835,2.1931374063995572,0.9952052372144935,5.7570004293611134,0.2824138306847722,-0.08545651610172832,-0.04539828364652744,0.019884470931862366
490,1.455213118371389,2.2103006592603536,0.9960098866214968,5.801523826488619,0.25938961994206117,-0.08545651462833377,-0.04539828367066171,0.020138261635075417
491,1.458182941061943,2.2275969314887245,0.9967454361937081,5.846583523333139,0.2358771059932686,-0.08545651313329454,-0.04539828369494576,0.020392052334025985
492,1.4611527637524966,2.245027837608752,0.9974104170549254,5.8921943119820055,0.21186360668195353,-0.0854565116135122,-0.045398283719423345,0.020645843028655946
493,1.4641225864430505,2.262595037044911,0.9980033218577542,5.9383716467651135,0.18733588875655888,-0.08545651006568253,-0.04539828374414029,0.02089963371889881
494,1.4670924091336044,2.2803002361496127,0.9985226030956597,5.98513168333536,0.1622801349410303,-0.0854565084862679,-0.04539828376914465,0.021153424404679037
495,1.4700622318241583,2.298145190347546,0.9989666713166728,6.032491320621039,0.1366819085859764,-0.08545650687146628,-0.04539828379448722,0.02140721508591153
496,1.473032054514712,2.316131706409259,0.9993338932281908,6.080468245966424,0.11052611563481138,-0.08545650521717638,-0.04539828382022181,0.021661005762500872
497,1.4760018772052659,2.334261644863909,0.9996225896845329,6.129080983756438,0.08379696365591047,-0.08545650351895824,-0.04539828384640576,0.021914796434340637
498,1.4789716998958198,2.352536922565024,0.999831033545543,6.178348947903353,0.056477917623046756,-0.08545650177198841,-0.04539828387310039,0.02216858710131239
499,1.4819415225863737,2.370959515410233,0.9999574474055583,6.228292498385619,0.028551652283100856,-0.08545649997100903,-0.04539828390037155,0.022422377763284772
500,1.4849113452769276,2.389531461242918,1.000000001169047,6.278933002482334,5.71072384693283e-10,-0.08545649811026977,-0.04539828392829029,0.022676168420112337
