,t,x1,x2,x3,x4,psi,p2,magnitude,p3,p4
0,0.0,0.0021720491,0.013897058,0.0045846775,0.0041478667,1.3522034,-0.11892822,-0.07563226,-0.01640133,-0.07383248
1,0.002898414,0.0021761358,0.013993129,0.005950935,0.0068060774,1.3508505,-0.118862756,-0.075503066,-0.016473018,-0.07368414
2,0.005796828,0.0021836683,0.014095373,0.007324122,0.009468364,1.3494921,-0.11879378,-0.07537336,-0.016544621,-0.07353515
3,0.008695241,0.0021949,0.01420391,0.008704066,0.012134228,1.3481281,-0.11872084,-0.075242616,-0.016616037,-0.073385
4,0.011593656,0.0022099428,0.014318712,0.010091573,0.014804425,1.3467584,-0.11864383,-0.07511145,-0.016687397,-0.07323429
5,0.014492069,0.0022283532,0.014439408,0.011485636,0.017478423,1.3453829,-0.118563436,-0.07497946,-0.01675861,-0.07308261
6,0.017390482,0.0022506006,0.014566593,0.012887001,0.020156512,1.3440018,-0.118479006,-0.07484692,-0.016829731,-0.072930254
7,0.020288896,0.0022768155,0.01469994,0.014295943,0.022838494,1.342615,-0.11839076,-0.074713565,-0.016900685,-0.07277695
8,0.023187311,0.0023064986,0.014839821,0.01571203,0.025524499,1.3412223,-0.11829876,-0.074579544,-0.016971529,-0.07262283
9,0.026085725,0.002340164,0.014985878,0.01713568,0.028214497,1.3398238,-0.11820281,-0.07444482,-0.017042229,-0.072467886
10,0.028984139,0.0023776256,0.015138391,0.018566623,0.030908609,1.3384193,-0.11810332,-0.07430942,-0.017112816,-0.07231212
11,0.03188255,0.0024190247,0.015297342,0.02000551,0.033606745,1.337009,-0.1179998,-0.07417315,-0.017183214,-0.07215534
12,0.034780964,0.0024642274,0.015462834,0.021451622,0.036309175,1.3355929,-0.1178925,-0.074036434,-0.017253514,-0.071997985
13,0.037679378,0.0025133565,0.015634652,0.022905834,0.039015524,1.3341708,-0.1177812,-0.073898844,-0.017323628,-0.07183962
14,0.04057779,0.0025667995,0.015813198,0.024367929,0.041726038,1.3327427,-0.11766628,-0.0737607,-0.01739363,-0.07168056
15,0.04347621,0.0026240535,0.01599821,0.025837973,0.04444065,1.3313088,-0.11754743,-0.07362183,-0.01746345,-0.07152064
16,0.046374623,0.0026852451,0.016189646,0.027315736,0.04715944,1.3298687,-0.117424734,-0.07348233,-0.017533148,-0.07135994
17,0.049273036,0.0027505122,0.016388044,0.028801657,0.049882613,1.3284225,-0.11729816,-0.07334184,-0.017602606,-0.07119813
18,0.05217145,0.0028201044,0.016592924,0.030295797,0.052609764,1.3269706,-0.11716785,-0.07320102,-0.017671969,-0.07103585
19,0.055069864,0.0028938241,0.016804554,0.031798597,0.055341125,1.3255123,-0.11703361,-0.07305937,-0.017741144,-0.07087259
20,0.057968277,0.0029717498,0.017022718,0.033309247,0.058076903,1.324048,-0.11689562,-0.07291707,-0.017810142,-0.070708536
21,0.06086669,0.0030537397,0.017247897,0.034828532,0.060816824,1.3225772,-0.11675387,-0.07277399,-0.017878972,-0.07054358
22,0.0637651,0.003140159,0.017479755,0.036356147,0.06356112,1.3211007,-0.116608195,-0.072630376,-0.017947624,-0.07037794
23,0.06666352,0.0032306388,0.01771845,0.03789263,0.06630968,1.3196177,-0.11645872,-0.07248599,-0.018016083,-0.070211396
24,0.06956193,0.003325697,0.01796399,0.039437592,0.06906255,1.3181287,-0.11630533,-0.07234096,-0.018084355,-0.07004406
25,0.072460346,0.0034250878,0.018216405,0.040991575,0.07181968,1.3166332,-0.11614836,-0.072195284,-0.018152457,-0.06987594
26,0.075358756,0.0035289228,0.018475767,0.042554546,0.07458122,1.3151315,-0.11598744,-0.07204898,-0.018220369,-0.06970705
27,0.07825717,0.0036372356,0.018742029,0.04412604,0.07734727,1.3136233,-0.115822725,-0.07190176,-0.018288037,-0.06953712
28,0.08115558,0.0037497915,0.019015487,0.04570671,0.08011777,1.3121089,-0.11565413,-0.071754165,-0.01835557,-0.06936666
29,0.084054,0.0038670413,0.019295812,0.047296785,0.0828926,1.3105881,-0.11548192,-0.071605854,-0.01842288,-0.069195345
30,0.08695242,0.003989011,0.019583132,0.048896287,0.08567181,1.3090608,-0.115305685,-0.07145675,-0.01848996,-0.0690231
31,0.08985083,0.0041154064,0.019877855,0.05050479,0.08845566,1.3075271,-0.1151259,-0.071307115,-0.018556861,-0.06885018
32,0.092749245,0.0042464845,0.02017939,0.05212288,0.09124389,1.3059868,-0.114942275,-0.071156666,-0.018623512,-0.068676315
33,0.095647655,0.004382089,0.02048831,0.053750437,0.09403667,1.3044403,-0.11475483,-0.0710058,-0.018689988,-0.06850188
34,0.09854607,0.0045225695,0.020804293,0.055387586,0.09683419,1.3028868,-0.11456361,-0.07085426,-0.018756261,-0.06832664
35,0.10144448,0.004667826,0.021127556,0.057034824,0.09963623,1.3013271,-0.114368655,-0.07070192,-0.018822256,-0.06815045
36,0.1043429,0.004817806,0.02145816,0.058691863,0.102442846,1.2997607,-0.11417008,-0.07054901,-0.018888045,-0.067973554
37,0.10724131,0.0049725957,0.021795921,0.060358457,0.10525388,1.2981877,-0.11396759,-0.070395574,-0.01895363,-0.06779599
38,0.11013973,0.0051322617,0.022140909,0.06203532,0.108069874,1.2966079,-0.1137617,-0.070241384,-0.019018967,-0.067617536
39,0.11303814,0.005296789,0.022493407,0.06372203,0.11089053,1.2950218,-0.11355176,-0.070086546,-0.01908403,-0.0674383
40,0.115936555,0.0054664016,0.022853266,0.06541959,0.113715716,1.2934285,-0.113338284,-0.069931164,-0.019148903,-0.067258365
41,0.118834965,0.005640939,0.023220543,0.067127064,0.11654585,1.2918288,-0.113121085,-0.0697751,-0.0192135,-0.06707761
42,0.12173338,0.005820267,0.023595437,0.06884528,0.119380556,1.2902218,-0.112900265,-0.069618456,-0.019277891,-0.06689613
43,0.12463179,0.006005008,0.023977749,0.07057405,0.12222018,1.2886083,-0.11267563,-0.069461204,-0.019342016,-0.06671391
44,0.1275302,0.0061946437,0.024367496,0.07231312,0.1250646,1.2869879,-0.11244758,-0.0693034,-0.019405907,-0.06653099
45,0.13042863,0.006389331,0.024764858,0.07406314,0.1279138,1.2853607,-0.11221584,-0.06914499,-0.019469535,-0.066347316
46,0.13332704,0.0065894723,0.025169745,0.07582449,0.1307679,1.2837267,-0.11198055,-0.068986,-0.019532902,-0.06616294
47,0.13622545,0.0067946874,0.025582448,0.07759658,0.13362688,1.2820855,-0.111741446,-0.068826385,-0.019596014,-0.06597778
48,0.13912386,0.0070052743,0.026002612,0.07937948,0.13649097,1.2804375,-0.111498915,-0.06866623,-0.019658873,-0.06579194
49,0.14202228,0.0072211064,0.026430525,0.08117384,0.13935995,1.2787821,-0.111252956,-0.06850549,-0.01972148,-0.06560537
50,0.14492069,0.0074422024,0.026866168,0.08297938,0.14223383,1.2771201,-0.11100335,-0.06834412,-0.019783778,-0.06541805
51,0.1478191,0.0076687336,0.027309608,0.08479661,0.14511281,1.2754508,-0.11074992,-0.06818227,-0.019845841,-0.06523009
52,0.15071751,0.007900599,0.027760647,0.08662522,0.14799692,1.2737743,-0.11049349,-0.06801994,-0.019907666,-0.065041505
53,0.15361594,0.008138154,0.028219778,0.088465564,0.15088595,1.272091,-0.1102333,-0.06785697,-0.01996916,-0.06485214
54,0.15651435,0.008380946,0.02868652,0.090317644,0.15378019,1.2704004,-0.10996979,-0.06769357,-0.020030422,-0.06466221
55,0.15941276,0.00862946,0.029161349,0.09218172,0.15667956,1.2687023,-0.10970267,-0.06752944,-0.020091366,-0.06447141
56,0.16231117,0.008883778,0.029643975,0.09405809,0.15958418,1.2669973,-0.10943211,-0.06736494,-0.020152045,-0.06428009
57,0.16520959,0.009143233,0.030134443,0.09594608,0.16249399,1.2652849,-0.10915836,-0.067200035,-0.020212492,-0.06408822
58,0.168108,0.009408772,0.030633133,0.09784676,0.16540885,1.2635652,-0.10888115,-0.06703448,-0.020272609,-0.06389557
59,0.17100641,0.0096797235,0.03113978,0.09975958,0.1683292,1.2618382,-0.108600564,-0.066868305,-0.020332396,-0.06370215
60,0.17390484,0.009956658,0.031654377,0.10168487,0.17125484,1.2601037,-0.10831656,-0.06670193,-0.020391991,-0.06350838
61,0.17680325,0.010239296,0.032177035,0.10362315,0.17418586,1.2583618,-0.10802945,-0.066534944,-0.02045126,-0.06331386
62,0.17970166,0.01052776,0.032707904,0.10557387,0.1771222,1.2566125,-0.10773905,-0.06636745,-0.020510219,-0.06311869
63,0.18260007,0.010822281,0.03324694,0.10753763,0.18006422,1.2548556,-0.10744535,-0.066199556,-0.020568915,-0.06292298
64,0.18549849,0.0111224875,0.033793975,0.10951434,0.18301123,1.2530915,-0.107148595,-0.06603107,-0.020627255,-0.062726535
65,0.18839689,0.0114287175,0.03434928,0.11150419,0.18596405,1.2513196,-0.10684844,-0.06586234,-0.020685371,-0.0625297
66,0.19129531,0.011741012,0.034912694,0.11350754,0.18892227,1.2495401,-0.10654538,-0.065693185,-0.0207432,-0.062332287
67,0.19419374,0.01205926,0.035484526,0.11552396,0.19188623,1.247753,-0.10623907,-0.06552344,-0.020800672,-0.062134154
68,0.19709215,0.012383804,0.036064785,0.1175538,0.19485568,1.2459583,-0.10592962,-0.06535345,-0.020857899,-0.06193563
69,0.19999054,0.012714475,0.036653277,0.11959761,0.19783068,1.2441559,-0.1056171,-0.06518306,-0.020914828,-0.061736543
70,0.20288897,0.0130515285,0.03725006,0.12165542,0.20081139,1.2423458,-0.105301686,-0.06501223,-0.020971434,-0.061536893
71,0.20578739,0.013394557,0.037855234,0.12372661,0.20379767,1.2405281,-0.10498332,-0.06484091,-0.0210277,-0.06133661
72,0.2086858,0.013743602,0.03846873,0.12581217,0.2067898,1.2387024,-0.10466177,-0.06466942,-0.021083737,-0.061135996
73,0.2115842,0.014099471,0.039090846,0.127912,0.20978786,1.236869,-0.104337506,-0.064497486,-0.021139437,-0.0609348
74,0.21448262,0.014461469,0.039721344,0.13002607,0.21279164,1.2350276,-0.10401022,-0.06432532,-0.021194879,-0.060733218
75,0.21738105,0.014829993,0.040360305,0.13215472,0.21580131,1.2331783,-0.103680454,-0.06415267,-0.02124997,-0.06053102
76,0.22027946,0.015205022,0.04100808,0.13429789,0.21881674,1.2313211,-0.10334731,-0.063979685,-0.021304743,-0.060328335
77,0.22317785,0.015586186,0.041663896,0.1364556,0.22183813,1.229456,-0.10301194,-0.06380662,-0.021359295,-0.060125414
78,0.22607628,0.01597422,0.042328615,0.13862857,0.22486567,1.2275828,-0.10267373,-0.06363321,-0.021413527,-0.059922002
79,0.2289747,0.01636877,0.043002103,0.14081648,0.22789918,1.2257016,-0.102332555,-0.06345945,-0.021467436,-0.059718095
80,0.23187311,0.01676999,0.043684114,0.14301978,0.23093863,1.2238123,-0.10198895,-0.06328545,-0.021521045,-0.0595138
81,0.2347715,0.017177936,0.044374604,0.14523818,0.23398432,1.2219149,-0.10164275,-0.06311124,-0.021574378,-0.059309144
82,0.23766993,0.017592505,0.045074146,0.14747202,0.23703608,1.2200093,-0.10129399,-0.062936865,-0.021627435,-0.059104174
83,0.24056835,0.018014006,0.045782257,0.14972152,0.24009416,1.2180954,-0.10094271,-0.06276218,-0.021680174,-0.058898736
84,0.24346676,0.01844231,0.04649921,0.15198709,0.24315822,1.2161736,-0.100589,-0.06258726,-0.021732584,-0.058692932
85,0.24636516,0.018877365,0.047224756,0.15426807,0.24622867,1.2142437,-0.10023295,-0.062412288,-0.021784747,-0.05848691
86,0.24926358,0.01931955,0.047959458,0.15656556,0.24930555,1.212305,-0.099874415,-0.062236942,-0.021836573,-0.058280367
87,0.252162,0.019768268,0.04870264,0.15887915,0.2523886,1.210358,-0.0995137,-0.062061515,-0.02188813,-0.058073584
88,0.2550604,0.020224482,0.049455,0.1612092,0.2554779,1.208403,-0.099150725,-0.061886184,-0.021939466,-0.05786674
89,0.25795883,0.020687357,0.050216097,0.16355538,0.2585739,1.2064395,-0.09878539,-0.06171056,-0.021990463,-0.057659455
90,0.26085725,0.021157756,0.050986294,0.16591926,0.26167625,1.2044674,-0.0984179,-0.061534762,-0.022041159,-0.057451844
91,0.26375568,0.021635048,0.05176523,0.16829912,0.26478523,1.2024869,-0.098048456,-0.061358962,-0.022091607,-0.057244066
92,0.26665407,0.022119585,0.052553292,0.17069629,0.26790082,1.2004979,-0.09767682,-0.061183125,-0.022141786,-0.057036094
93,0.26955247,0.02261141,0.053350378,0.17311051,0.27102283,1.1985003,-0.09730338,-0.06100721,-0.022191688,-0.056827884
94,0.2724509,0.023110464,0.0541565,0.1755423,0.27415168,1.196494,-0.096927784,-0.060831353,-0.022241358,-0.05661957
95,0.27534932,0.023616936,0.054971572,0.1779913,0.277287,1.1944793,-0.09655053,-0.06065525,-0.022290664,-0.056410868
96,0.2782477,0.0241309,0.05579594,0.18045835,0.28042927,1.1924558,-0.09617115,-0.06047939,-0.022339812,-0.05620222
97,0.28114614,0.024652258,0.056629296,0.18294302,0.28357828,1.1904238,-0.095790155,-0.060303316,-0.022388592,-0.05599322
98,0.28404456,0.02518107,0.05747183,0.185446,0.286734,1.1883829,-0.095407404,-0.06012761,-0.02243726,-0.055784397
99,0.286943,0.025717184,0.058323633,0.18796667,0.2898967,1.1863333,-0.09502306,-0.059951648,-0.02248555,-0.055575177
100,0.28984138,0.026261315,0.059184585,0.19050583,0.29306623,1.1842748,-0.09463721,-0.0597761,-0.02253373,-0.055366177
101,0.29273978,0.02681262,0.060054664,0.19306327,0.29624283,1.1822073,-0.09424957,-0.05960033,-0.022581553,-0.055156805
102,0.2956382,0.02737213,0.060934145,0.19564015,0.29942626,1.1801312,-0.09386075,-0.059424683,-0.022629129,-0.054947387
103,0.29853663,0.027939051,0.06182274,0.1982353,0.30261704,1.178046,-0.09347042,-0.059249282,-0.022676526,-0.054738034
104,0.30143502,0.028513953,0.06272088,0.20084953,0.3058149,1.1759518,-0.09307871,-0.059074327,-0.022723805,-0.054528937
105,0.30433345,0.029096521,0.06362805,0.20348316,0.30901948,1.1738489,-0.09268575,-0.058899272,-0.02277075,-0.054319587
106,0.30723187,0.029687122,0.06454469,0.20613605,0.31223175,1.1717366,-0.092291616,-0.058724467,-0.022817517,-0.054110296
107,0.3101303,0.030285656,0.065470755,0.2088086,0.31545112,1.1696154,-0.09189635,-0.058549915,-0.022864081,-0.05390108
108,0.3130287,0.03089232,0.06640625,0.21150096,0.31867763,1.1674851,-0.09150002,-0.058375504,-0.022910403,-0.05369183
109,0.3159271,0.0315068,0.067351,0.21421306,0.32191136,1.1653455,-0.09110276,-0.05820138,-0.022956546,-0.053482685
110,0.3188255,0.032129303,0.0683053,0.21694535,0.3251527,1.1631967,-0.09070448,-0.05802771,-0.023002578,-0.05327379
111,0.32172394,0.03276013,0.06926896,0.21969818,0.32840148,1.1610388,-0.09030538,-0.057854153,-0.023048341,-0.053064838
112,0.32462233,0.03339915,0.070242375,0.22247094,0.33165753,1.1588715,-0.08990554,-0.05768113,-0.023094017,-0.05285621
113,0.32752076,0.034046337,0.07122509,0.22526479,0.33492124,1.1566949,-0.089504726,-0.057508335,-0.023139484,-0.052647628
114,0.33041918,0.03470221,0.07221748,0.2280793,0.33819255,1.1545091,-0.08910351,-0.057336006,-0.023184823,-0.052439313
115,0.3333176,0.035365924,0.07321945,0.23091502,0.34147134,1.1523138,-0.08870166,-0.05716409,-0.023230022,-0.05223121
116,0.336216,0.036038324,0.074230745,0.23377162,0.3447577,1.1501092,-0.08829955,-0.056992617,-0.02327509,-0.052023347
117,0.3391144,0.036719218,0.07525176,0.23664984,0.3480519,1.1478949,-0.087896876,-0.056821566,-0.02332003,-0.0518157
118,0.34201282,0.03740845,0.07628246,0.23954982,0.3513537,1.1456714,-0.087493785,-0.05665085,-0.023364775,-0.0516082
119,0.34491125,0.03810659,0.07732281,0.24247165,0.35466334,1.143438,-0.08709035,-0.056480803,-0.023409497,-0.051401135
120,0.34780967,0.038812883,0.07837272,0.24541521,0.35798103,1.1411952,-0.08668702,-0.05631125,-0.023454098,-0.051194355
121,0.35070807,0.039528444,0.07943255,0.24838115,0.36130622,1.1389427,-0.08628341,-0.05614241,-0.023498684,-0.05098806
122,0.3536065,0.040252566,0.08050184,0.25136968,0.36463937,1.1366805,-0.085879974,-0.055973947,-0.023543116,-0.05078193
123,0.35650492,0.040985264,0.081581,0.25438035,0.3679807,1.1344087,-0.0854762,-0.055806026,-0.023587445,-0.05057613
124,0.3594033,0.04172702,0.08266978,0.25741428,0.37132972,1.132127,-0.08507291,-0.055638906,-0.023631796,-0.050370883
125,0.3623017,0.04247754,0.08376859,0.26047078,0.37468705,1.1298356,-0.08466975,-0.05547239,-0.023676088,-0.050166015
126,0.36520013,0.043237165,0.084877,0.26355076,0.37805226,1.1275343,-0.08426695,-0.055306505,-0.023720328,-0.04996154
127,0.36809856,0.04400575,0.08599518,0.26665434,0.3814256,1.1252234,-0.08386461,-0.055141296,-0.023764517,-0.049757514
128,0.37099698,0.044783503,0.08712332,0.26978105,0.3848073,1.1229024,-0.083462365,-0.054976847,-0.023808723,-0.049553994
129,0.37389538,0.04557006,0.08826123,0.27293158,0.38819686,1.1205714,-0.08306114,-0.05481318,-0.023852948,-0.049351007
130,0.37679377,0.046366237,0.08940902,0.27610633,0.39159492,1.1182303,-0.082660235,-0.05465027,-0.023897178,-0.04914852
131,0.37969223,0.0471716,0.090566814,0.27930558,0.39500114,1.1158794,-0.08226017,-0.054488342,-0.023941506,-0.048946746
132,0.38259062,0.047986045,0.09173426,0.28252888,0.39841563,1.1135182,-0.08186082,-0.054326914,-0.023985742,-0.048745234
133,0.38548902,0.048809886,0.09291187,0.28577662,0.40183824,1.1111472,-0.081462346,-0.05416649,-0.02403008,-0.04854445
134,0.38838747,0.04964359,0.09409937,0.28904974,0.40526968,1.108766,-0.08106487,-0.054007012,-0.024074517,-0.04834434
135,0.39128587,0.050486475,0.09529671,0.2923479,0.4087093,1.1063743,-0.080668576,-0.05384831,-0.02411899,-0.048144728
136,0.3941843,0.051338866,0.09650418,0.2956711,0.41215742,1.1039727,-0.08027326,-0.05369077,-0.024163643,-0.04794598
137,0.3970827,0.052201085,0.097721726,0.29901987,0.41561404,1.1015604,-0.079879545,-0.05353389,-0.02420829,-0.04774763
138,0.39998108,0.053072765,0.09894909,0.30239433,0.41907895,1.0991379,-0.07948675,-0.0533781,-0.0242531,-0.047550064
139,0.40287954,0.053954452,0.10018663,0.30579507,0.42255256,1.0967053,-0.0790954,-0.053223457,-0.0242981,-0.04735334
140,0.40577793,0.054845743,0.10143404,0.30922174,0.42603478,1.094262,-0.07870566,-0.05306972,-0.024343206,-0.04715722
141,0.40867633,0.055746943,0.102691695,0.31267434,0.42952573,1.0918082,-0.078317456,-0.05291716,-0.024388537,-0.046961956
142,0.41157478,0.056658104,0.10395944,0.3161541,0.43302515,1.0893443,-0.077930875,-0.052765463,-0.024433928,-0.04676727
143,0.41447318,0.057579428,0.10523726,0.3196607,0.43653312,1.0868696,-0.07754607,-0.05261504,-0.024479602,-0.04657351
144,0.4173716,0.058510594,0.10652538,0.32319415,0.44004998,1.0843843,-0.07716309,-0.052465644,-0.02452544,-0.046380457
145,0.42027,0.059452087,0.10782339,0.32675487,0.4435753,1.0818883,-0.0767821,-0.052317414,-0.024571506,-0.04618823
146,0.4231684,0.060403667,0.10913171,0.33034328,0.44710952,1.0793818,-0.07640316,-0.052170448,-0.02461785,-0.045996927
147,0.42606685,0.061365478,0.11045012,0.33395922,0.45065245,1.0768645,-0.076026164,-0.052024677,-0.024664454,-0.04580646
148,0.42896524,0.06233778,0.111778826,0.33760306,0.4542042,1.0743364,-0.075651176,-0.051879987,-0.02471126,-0.04561674
149,0.43186364,0.06332037,0.113117546,0.34127498,0.45776486,1.0717975,-0.07527871,-0.051736616,-0.024758385,-0.045427963
150,0.4347621,0.0643134,0.11446673,0.34497565,0.46133408,1.0692478,-0.07490841,-0.05159452,-0.024805816,-0.045240093
151,0.4376605,0.06531714,0.115825996,0.34870476,0.46491218,1.0666871,-0.07454071,-0.051453713,-0.024853567,-0.045053136
152,0.4405589,0.06633134,0.11719568,0.35246295,0.46849898,1.0641158,-0.07417541,-0.0513143,-0.024901679,-0.04486718
153,0.4434573,0.0673564,0.118575424,0.3562498,0.472095,1.0615333,-0.07381279,-0.051176123,-0.024950095,-0.04468208
154,0.4463557,0.068392195,0.11996563,0.36006635,0.47569948,1.0589396,-0.07345273,-0.051039286,-0.024998883,-0.04449792
155,0.44925416,0.06943863,0.121366054,0.36391217,0.47931308,1.056335,-0.07309533,-0.050903894,-0.025048075,-0.044314787
156,0.45215255,0.070496336,0.12277697,0.36778808,0.48293525,1.0537193,-0.072740905,-0.050769843,-0.025097637,-0.04413259
157,0.45505095,0.07156474,0.12419826,0.37169397,0.48656654,1.0510923,-0.07238942,-0.050637253,-0.025147641,-0.043951422
158,0.4579494,0.07264442,0.12562965,0.37562996,0.49020678,1.0484542,-0.072040744,-0.050505992,-0.025198014,-0.04377117
159,0.4608478,0.07373499,0.12707162,0.37959623,0.49385577,1.0458047,-0.07169523,-0.050376337,-0.02524891,-0.043592066
160,0.46374622,0.07483703,0.12852407,0.38359368,0.4975134,1.043144,-0.07135285,-0.05024804,-0.025300208,-0.04341388
161,0.46664461,0.07595039,0.12998666,0.387622,0.5011802,1.040472,-0.0710137,-0.050121386,-0.025352055,-0.04323687
162,0.469543,0.077075005,0.13145983,0.39168155,0.5048557,1.0377885,-0.07067763,-0.049996056,-0.025404308,-0.04306073
163,0.47244146,0.07821111,0.13294344,0.39577234,0.50854,1.0350938,-0.070345126,-0.049872365,-0.025457114,-0.042885758
164,0.47533986,0.07935884,0.13443759,0.399895,0.5122332,1.0323873,-0.070015915,-0.04975,-0.025510347,-0.04271165
165,0.47823825,0.08051804,0.13594218,0.40404958,0.5159352,1.0296695,-0.06969031,-0.049629416,-0.02556422,-0.042538803
166,0.4811367,0.08168915,0.1374573,0.40823638,0.51964617,1.0269399,-0.069368266,-0.049510345,-0.025618626,-0.04236697
167,0.4840351,0.08287196,0.13898285,0.41245538,0.5233658,1.0241987,-0.06904981,-0.049392745,-0.025673542,-0.04219612
168,0.48693353,0.08406657,0.14051883,0.41670722,0.5270939,1.0214459,-0.06873494,-0.049276806,-0.025729064,-0.042026408
169,0.48983192,0.085273415,0.14206573,0.42099178,0.530831,1.0186813,-0.0684238,-0.04916255,-0.025785226,-0.04185784
170,0.49273032,0.08649208,0.14362292,0.42530954,0.5345767,1.0159048,-0.06811666,-0.049049757,-0.02584192,-0.04169021
171,0.49562877,0.08772291,0.14519073,0.42966098,0.53833115,1.0131167,-0.06781333,-0.04893858,-0.025899217,-0.041523673
172,0.49852717,0.08896619,0.14676921,0.43404585,0.5420941,1.0103165,-0.06751373,-0.048829332,-0.025957314,-0.04135845
173,0.50142556,0.0902216,0.14835824,0.43846452,0.54586565,1.0075046,-0.06721831,-0.048721455,-0.026015906,-0.04119409
174,0.504324,0.091489404,0.14995806,0.4429171,0.5496459,1.0046805,-0.06692698,-0.04861524,-0.02607517,-0.041030806
175,0.5072224,0.09276995,0.15156844,0.44740433,0.55343455,1.0018444,-0.066639625,-0.048510633,-0.026135074,-0.040868565
176,0.5101208,0.09406306,0.15318957,0.45192623,0.5572316,0.9989962,-0.066356264,-0.04840786,-0.026195757,-0.040707536
177,0.51301926,0.09536867,0.1548212,0.45648283,0.56103706,0.996136,-0.06607727,-0.048306555,-0.026257014,-0.040547412
178,0.51591766,0.0966873,0.15646361,0.46107447,0.56485087,0.9932635,-0.06580246,-0.048206985,-0.026319018,-0.040388398
179,0.5188161,0.098018855,0.15811701,0.4657017,0.5686731,0.9903786,-0.06553184,-0.048109166,-0.026381781,-0.040230505
180,0.5217145,0.099363446,0.15978108,0.47036427,0.5725035,0.9874816,-0.065265454,-0.048013,-0.026445253,-0.040073644
181,0.5246129,0.10072088,0.1614557,0.4750626,0.576342,0.9845721,-0.0650037,-0.04791837,-0.02650938,-0.039917704
182,0.52751136,0.10209185,0.16314124,0.47979736,0.5801885,0.98165035,-0.064745985,-0.04782567,-0.026574392,-0.039763007
183,0.53040975,0.10347608,0.16483769,0.4845683,0.5840431,0.9787162,-0.0644928,-0.04773436,-0.026639989,-0.039609093
184,0.53330815,0.10487363,0.16654488,0.4893754,0.5879058,0.9757693,-0.064244114,-0.047644764,-0.026706373,-0.03945622
185,0.53620654,0.1062849,0.16826276,0.49421978,0.59177625,0.97281,-0.06399991,-0.047556903,-0.026773557,-0.0393044
186,0.53910494,0.10770975,0.16999194,0.49910116,0.5956542,0.96983814,-0.063760094,-0.047470592,-0.026841443,-0.03915347
187,0.5420034,0.1091481,0.17173152,0.5040199,0.5995403,0.96685344,-0.06352476,-0.047386125,-0.026910216,-0.039003655
188,0.5449018,0.110600606,0.17348248,0.50897604,0.6034338,0.9638559,-0.06329394,-0.047303073,-0.02697964,-0.0388546
189,0.5478002,0.112066984,0.17524406,0.51396996,0.60733485,0.9608459,-0.06306768,-0.047221743,-0.027049882,-0.03870655
190,0.55069864,0.113547415,0.17701666,0.5190024,0.6112431,0.9578227,-0.06284615,-0.047142185,-0.027121007,-0.038559522
191,0.55359703,0.11504236,0.1788002,0.5240728,0.6151587,0.954787,-0.06262907,-0.047064036,-0.027192783,-0.03841323
192,0.5564954,0.11655137,0.18059492,0.52918166,0.61908156,0.9517382,-0.062416457,-0.04698762,-0.02726543,-0.038267907
193,0.5593939,0.118074834,0.18240027,0.53432924,0.6230116,0.9486763,-0.062208585,-0.046912577,-0.027338741,-0.038123265
194,0.5622923,0.11961284,0.18421699,0.53951603,0.62694824,0.9456014,-0.062005006,-0.046839178,-0.027412878,-0.037979502
195,0.56519073,0.12116569,0.18604498,0.54474264,0.63089204,0.9425133,-0.0618063,-0.046767525,-0.027487917,-0.0378367
196,0.5680891,0.122733146,0.18788368,0.5500082,0.6348423,0.93941206,-0.061611958,-0.046697304,-0.027563676,-0.03769459
197,0.5709875,0.12431586,0.1897335,0.5553139,0.6387993,0.9362978,-0.061422206,-0.046628647,-0.027640237,-0.037553266
198,0.573886,0.12591325,0.19159457,0.5606592,0.6427628,0.93317,-0.061237045,-0.046561472,-0.02771757,-0.03741266
199,0.5767844,0.12752588,0.19346663,0.56604517,0.64673257,0.9300288,-0.061056472,-0.04649563,-0.027795596,-0.037272625
200,0.57968277,0.12915416,0.19535007,0.57147145,0.65070826,0.9268745,-0.060880296,-0.046431363,-0.027874444,-0.037133366
201,0.58258116,0.13079764,0.19724467,0.57693875,0.65468997,0.9237066,-0.060708694,-0.046368457,-0.027954016,-0.036994692
202,0.58547956,0.13245672,0.1991504,0.582447,0.6586778,0.9205251,-0.060541518,-0.04630717,-0.02803447,-0.03685678
203,0.588378,0.13413145,0.2010673,0.5879965,0.6626713,0.91733015,-0.06037893,-0.04624717,-0.028115604,-0.03671939
204,0.5912764,0.13582219,0.20299563,0.59358776,0.66667026,0.91412157,-0.06022077,-0.046188504,-0.028197462,-0.036582526
205,0.5941748,0.13752858,0.20493507,0.59922034,0.6706746,0.9108991,-0.06006684,-0.046131164,-0.02828005,-0.03644617
206,0.59707326,0.1392514,0.20688592,0.60489565,0.6746841,0.9076629,-0.059917443,-0.046075083,-0.028363323,-0.036310267
207,0.59997165,0.14099029,0.20884809,0.6106128,0.6786986,0.90441316,-0.05977211,-0.0460203,-0.028447311,-0.036174834
208,0.60287005,0.14274569,0.21082164,0.61637276,0.6827178,0.90114945,-0.059631117,-0.045966826,-0.028532032,-0.036039874
209,0.6057685,0.14451751,0.21280648,0.6221755,0.6867418,0.8978718,-0.059494473,-0.045914523,-0.028617404,-0.035905257
210,0.6086669,0.14630605,0.21480279,0.628021,0.6907704,0.8945802,-0.059361957,-0.045863517,-0.028703513,-0.035771087
211,0.61156535,0.14811149,0.21681052,0.63391006,0.694803,0.8912745,-0.0592336,-0.045813546,-0.0287902,-0.035637137
212,0.61446375,0.14993367,0.21882975,0.6398424,0.69883996,0.8879547,-0.059109382,-0.045764677,-0.028877513,-0.03550345
213,0.61736214,0.1517731,0.22086021,0.64581865,0.7028807,0.8846208,-0.05898904,-0.04571691,-0.028965456,-0.035370022
214,0.6202606,0.15362985,0.22290236,0.65183926,0.7069248,0.8812726,-0.05887281,-0.045670386,-0.02905412,-0.035236947
215,0.623159,0.15550388,0.22495577,0.65790397,0.71097267,0.8779102,-0.05876053,-0.045624726,-0.02914327,-0.03510392
216,0.6260574,0.15739559,0.22702107,0.6640134,0.7150236,0.8745337,-0.058652066,-0.04558006,-0.029232984,-0.03497105
217,0.6289558,0.15930474,0.2290976,0.67016685,0.7190775,0.8711427,-0.05854731,-0.04553643,-0.029323308,-0.03483834
218,0.6318542,0.16123186,0.2311857,0.676366,0.72313446,0.8677373,-0.05844649,-0.04549357,-0.029414065,-0.034705587
219,0.63475263,0.16317713,0.2332857,0.68261063,0.7271936,0.8643172,-0.058349155,-0.045451608,-0.02950535,-0.034572866
220,0.637651,0.16514036,0.23539695,0.6889005,0.7312553,0.8608827,-0.058255456,-0.045410603,-0.029597191,-0.034440227
221,0.6405494,0.16712187,0.23751983,0.69523615,0.73531914,0.8574336,-0.05816535,-0.045370296,-0.029689426,-0.03430746
222,0.6434479,0.16912188,0.23965463,0.70161796,0.7393845,0.85396993,-0.05807858,-0.045330696,-0.029782059,-0.034174565
223,0.6463463,0.17114039,0.24180081,0.70804626,0.7434517,0.85049146,-0.057995223,-0.045291893,-0.02987516,-0.0340416
224,0.64924467,0.17317776,0.24395874,0.714521,0.74752015,0.84699845,-0.05791501,-0.045253724,-0.029968606,-0.033908438
225,0.6521431,0.17523405,0.24612844,0.7210425,0.7515896,0.84349036,-0.057838313,-0.045216165,-0.030062404,-0.03377504
226,0.6550415,0.17730951,0.24830994,0.7276114,0.75565994,0.83996755,-0.05776445,-0.045179274,-0.030156577,-0.033641458
227,0.65794,0.1794041,0.25050285,0.7342273,0.75973105,0.8364297,-0.0576938,-0.045143023,-0.030251114,-0.03350765
228,0.66083837,0.18151803,0.2527077,0.7408905,0.763802,0.83287716,-0.05762597,-0.04510717,-0.03034584,-0.033373445
229,0.66373676,0.18365152,0.25492433,0.74760205,0.76787317,0.82930934,-0.057561196,-0.045071773,-0.030440813,-0.03323886
230,0.6666352,0.18580493,0.25715274,0.75436187,0.77194417,0.82572657,-0.057499208,-0.045036845,-0.030536022,-0.03310391
231,0.6695336,0.18797797,0.2593928,0.76116997,0.77601415,0.82212883,-0.057439752,-0.04500229,-0.030631403,-0.03296852
232,0.672432,0.19017097,0.26164478,0.76802665,0.7800836,0.8185159,-0.057383128,-0.044968054,-0.03072692,-0.03283264
233,0.6753304,0.19238453,0.26390848,0.7749318,0.78415203,0.8148877,-0.057328813,-0.044934347,-0.03082272,-0.032696415
234,0.6782288,0.19461817,0.266184,0.7818866,0.788219,0.81124425,-0.057277165,-0.044900723,-0.03091849,-0.032559514
235,0.68112725,0.19687268,0.26847127,0.7888909,0.79228425,0.8075855,-0.057227693,-0.0448674,-0.031014375,-0.032422096
236,0.68402565,0.1991473,0.2707704,0.79594415,0.7963474,0.8039114,-0.057180695,-0.044834085,-0.031110171,-0.032283936
237,0.68692404,0.20144321,0.2730814,0.8030481,0.80040824,0.8002221,-0.057135634,-0.044801116,-0.031206097,-0.032145284
238,0.6898225,0.20376013,0.27540427,0.81020224,0.8044664,0.7965172,-0.057092585,-0.044768296,-0.031302035,-0.032005988
239,0.6927209,0.20609811,0.277739,0.8174065,0.8085216,0.792797,-0.057051815,-0.044735543,-0.031397894,-0.031865988
240,0.69561934,0.2084575,0.28008547,0.8246618,0.8125736,0.78906107,-0.05701285,-0.044702884,-0.03149372,-0.031725284
241,0.69851774,0.21083824,0.282444,0.8319677,0.816622,0.7853099,-0.056975357,-0.04467003,-0.03158927,-0.031583697
242,0.70141613,0.21324103,0.2848143,0.8393259,0.82066643,0.7815431,-0.056939967,-0.044637237,-0.031684738,-0.031441383
243,0.7043146,0.21566524,0.2871963,0.8467345,0.8247068,0.7777605,-0.056905992,-0.044604488,-0.031780105,-0.03129833
244,0.707213,0.2181115,0.2895904,0.85419536,0.8287427,0.77396244,-0.056873612,-0.044571616,-0.03187524,-0.031154422
245,0.7101114,0.22058006,0.29199633,0.86170834,0.8327733,0.7701487,-0.056842573,-0.0445387,-0.0319702,-0.031009711
246,0.71300983,0.22307114,0.29441386,0.8692739,0.83679897,0.76631916,-0.056813173,-0.04450547,-0.032064773,-0.03086401
247,0.7159082,0.22558425,0.2968434,0.8768917,0.8408191,0.76247394,-0.05678492,-0.044472143,-0.032159116,-0.030717472
248,0.7188066,0.22812043,0.29928482,0.8845628,0.84483314,0.75861305,-0.056757785,-0.04443857,-0.032253105,-0.03056998
249,0.721705,0.23067947,0.30173802,0.8922871,0.84884113,0.75473624,-0.05673159,-0.04440478,-0.032346763,-0.03042156
250,0.7246034,0.23326112,0.30420306,0.9000645,0.8528424,0.7508437,-0.0567066,-0.04437067,-0.032439996,-0.03027215
251,0.72750187,0.23586608,0.30667984,0.9078959,0.8568368,0.7469353,-0.05668249,-0.044336453,-0.032532956,-0.030121883
252,0.73040026,0.23849444,0.30916843,0.91578144,0.860824,0.743011,-0.056659155,-0.044301588,-0.032625236,-0.029970398
253,0.73329866,0.24114631,0.3116688,0.92372125,0.8648035,0.7390711,-0.05663673,-0.044266634,-0.03271723,-0.029818079
254,0.7361971,0.24382193,0.3141811,0.9317159,0.86877483,0.73511493,-0.056614943,-0.044231337,-0.03280876,-0.029664738
255,0.7390955,0.24652119,0.31670502,0.93976533,0.8727378,0.7311432,-0.05659371,-0.04419543,-0.03289959,-0.02951022
256,0.74199396,0.2492445,0.3192405,0.94786984,0.87669235,0.72715527,-0.05657316,-0.044159345,-0.032990053,-0.0293548
257,0.74489236,0.251992,0.32178792,0.95603,0.88063747,0.7231516,-0.056553,-0.04412279,-0.033079907,-0.02919829
258,0.74779075,0.25476378,0.32434696,0.96424574,0.88457334,0.719132,-0.05653315,-0.0440858,-0.033169176,-0.029040722
259,0.75068915,0.25756,0.3269176,0.97251755,0.88849926,0.7150963,-0.05651363,-0.04404834,-0.033257823,-0.028882062
260,0.75358766,0.26038104,0.3295002,0.9808461,0.8924151,0.7110446,-0.056494318,-0.044010453,-0.033345863,-0.02872235
261,0.75648606,0.26322687,0.33209413,0.9892314,0.8963202,0.706977,-0.05647538,-0.043972068,-0.033433232,-0.028561544
262,0.75938445,0.2660973,0.33469957,0.9976731,0.9002146,0.70289356,-0.0564565,-0.04393312,-0.033519868,-0.028399603
263,0.76228285,0.26899344,0.33731663,1.0061724,0.9040974,0.6987942,-0.056437694,-0.043893766,-0.033605877,-0.028236639
264,0.76518124,0.27191448,0.3399454,1.0147293,0.90796834,0.69467854,-0.056418903,-0.04385402,-0.03369127,-0.028072648
265,0.76807964,0.27486116,0.34258544,1.0233439,0.9118276,0.69054717,-0.056400128,-0.04381369,-0.03377587,-0.02790753
266,0.77097803,0.27783352,0.34523726,1.0320171,0.91567403,0.68639994,-0.05638092,-0.04377268,-0.033859592,-0.02774122
267,0.77387655,0.28083163,0.34790018,1.0407486,0.9195078,0.6822366,-0.05636195,-0.043731406,-0.033942763,-0.027573992
268,0.77677494,0.28385562,0.3505745,1.0495389,0.9233282,0.6780574,-0.05634264,-0.04368952,-0.03402508,-0.027405621
269,0.77967334,0.28690583,0.35326022,1.0583882,0.92713505,0.6738621,-0.056323268,-0.043647118,-0.03410662,-0.027236177
270,0.78257173,0.28998214,0.35595724,1.0672971,0.93092746,0.66965103,-0.056303404,-0.043604195,-0.034187358,-0.027065666
271,0.7854701,0.29308498,0.35866538,1.0762657,0.9347057,0.6654243,-0.056283243,-0.043560907,-0.0342674,-0.0268942
272,0.7883686,0.29621452,0.36138493,1.0852942,0.93846923,0.6611814,-0.05626274,-0.04351704,-0.034346577,-0.026721627
273,0.791267,0.29937065,0.36411533,1.0943832,0.9422172,0.65692276,-0.056241997,-0.043472685,-0.034424942,-0.026548028
274,0.7941654,0.30255383,0.36685723,1.103533,0.94594944,0.65264827,-0.056220762,-0.043427825,-0.034502465,-0.026373396
275,0.79706377,0.3057642,0.36961004,1.1127439,0.9496658,0.648358,-0.056198962,-0.043382604,-0.03457925,-0.026197819
276,0.7999623,0.30900192,0.37237373,1.1220163,0.95336574,0.6440519,-0.05617685,-0.04333688,-0.034655176,-0.02602122
277,0.8028607,0.3122666,0.37514836,1.1313497,0.95704865,0.6397301,-0.056154244,-0.04329077,-0.03473032,-0.02584368
278,0.8057591,0.31555927,0.37793395,1.1407458,0.960714,0.63539255,-0.056130834,-0.04324416,-0.03480458,-0.025665129
279,0.80865747,0.31887966,0.38073048,1.150204,0.964362,0.6310396,-0.05610723,-0.043197215,-0.03487806,-0.025485689
280,0.81155586,0.32222778,0.38353753,1.1597246,0.9679916,0.62667084,-0.056082882,-0.043149933,-0.03495077,-0.025305342
281,0.81445426,0.32560426,0.38635543,1.1693087,0.97160256,0.62228656,-0.056057997,-0.0431021,-0.035022516,-0.025123982
282,0.81735265,0.32900858,0.3891839,1.1789557,0.9751948,0.6178867,-0.05603268,-0.043053962,-0.03509348,-0.024941761
283,0.82025117,0.3324417,0.39202306,1.1886669,0.9787672,0.6134713,-0.056006707,-0.0430056,-0.035163723,-0.024758723
284,0.82314956,0.3359031,0.39487273,1.1984417,0.98232025,0.60904056,-0.055980124,-0.04295692,-0.035233144,-0.024574831
285,0.82604796,0.33939332,0.3977327,1.2082812,0.98585254,0.60459423,-0.055952944,-0.042908125,-0.03530192,-0.024390195
286,0.82894635,0.34291267,0.4006033,1.2181848,0.9893642,0.6001328,-0.055925198,-0.042858668,-0.035369568,-0.024204526
287,0.8318448,0.34646088,0.403484,1.2281537,0.99285454,0.59565616,-0.05589681,-0.04280931,-0.035436716,-0.02401825
288,0.8347432,0.3500381,0.4063748,1.2381877,0.99632365,0.59116435,-0.055868022,-0.042759843,-0.03550317,-0.023831265
289,0.8376416,0.35364503,0.40927595,1.2482877,0.9997706,0.58665735,-0.055838607,-0.04270997,-0.03556868,-0.023643402
290,0.84054,0.3572814,0.4121871,1.2584536,1.0031948,0.5821352,-0.055808432,-0.042660095,-0.035633575,-0.023454893
291,0.8434384,0.36094737,0.41510826,1.2686857,1.0065962,0.57759804,-0.05577799,-0.04261003,-0.035697684,-0.023265637
292,0.8463369,0.36464357,0.41803938,1.2789856,1.0099742,0.5730458,-0.055746965,-0.042560086,-0.035761263,-0.023075813
293,0.8492353,0.36836952,0.4209803,1.2893515,1.0133284,0.5684789,-0.055715375,-0.042509843,-0.03582393,-0.022885209
294,0.8521337,0.37212586,0.42393115,1.299785,1.0166582,0.56389713,-0.055683278,-0.042459857,-0.03588616,-0.022694115
295,0.8550321,0.37591267,0.42689148,1.3102869,1.0199634,0.5593007,-0.055650733,-0.042409852,-0.03594771,-0.022502394
296,0.8579305,0.37973,0.42986125,1.3208565,1.0232432,0.55468976,-0.055617683,-0.042359896,-0.036008615,-0.022310095
297,0.8608289,0.38357818,0.43284088,1.3314945,1.0264971,0.5500642,-0.055584274,-0.04231007,-0.036068954,-0.022117248
298,0.8637273,0.387457,0.43582982,1.3422011,1.0297251,0.54542416,-0.05555045,-0.042260297,-0.036128636,-0.021923827
299,0.8666258,0.39136714,0.4388279,1.3529774,1.0329266,0.54076976,-0.055516295,-0.042210724,-0.03618779,-0.021729914
300,0.8695242,0.39530855,0.4418354,1.3638235,1.0361006,0.5361011,-0.05548183,-0.042161487,-0.036246516,-0.021535581
301,0.8724226,0.39928132,0.44485182,1.3747388,1.0392472,0.5314183,-0.055447005,-0.042112347,-0.0363046,-0.02134071
302,0.875321,0.40328586,0.44787756,1.3857249,1.0423656,0.52672154,-0.05541181,-0.04206356,-0.036362257,-0.021145433
303,0.8782194,0.40732205,0.45091206,1.3967813,1.0454552,0.52201074,-0.055376507,-0.04201524,-0.036419578,-0.02094981
304,0.8811178,0.41139042,0.45395547,1.4079087,1.048516,0.51728624,-0.055340834,-0.04196717,-0.03647637,-0.020753741
305,0.8840162,0.41549075,0.45700765,1.4191076,1.0515475,0.51254797,-0.055305205,-0.041919522,-0.03653277,-0.020557307
306,0.8869146,0.41962355,0.46006837,1.430378,1.0545485,0.50779593,-0.05526922,-0.041872434,-0.036588904,-0.020360574
307,0.889813,0.4237889,0.4631378,1.4417206,1.0575191,0.5030305,-0.05523347,-0.04182555,-0.03664444,-0.02016338
308,0.8927115,0.42798704,0.4662158,1.4531361,1.0604587,0.49825144,-0.05519726,-0.041779414,-0.036699854,-0.019965976
309,0.8956099,0.43221796,0.4693021,1.4646238,1.0633665,0.49345937,-0.055161305,-0.041733883,-0.03675501,-0.019768313
310,0.8985083,0.4364823,0.47239658,1.4761851,1.0662421,0.48865396,-0.055125125,-0.04168899,-0.036809944,-0.019570386
311,0.9014067,0.44077957,0.47549918,1.4878196,1.0690856,0.48383576,-0.05508942,-0.041644342,-0.036864284,-0.019372035
312,0.9043051,0.44511038,0.47860983,1.4995278,1.0718955,0.47900465,-0.0550536,-0.041600764,-0.036918767,-0.01917363
313,0.9072035,0.44947487,0.48172852,1.5113108,1.0746716,0.4741608,-0.055017807,-0.04155767,-0.03697287,-0.018974898
314,0.9101019,0.45387346,0.48485503,1.5231678,1.0774139,0.4693042,-0.054982238,-0.041515507,-0.037026983,-0.018776044
315,0.9130004,0.45830613,0.4879894,1.5351009,1.0801215,0.4644352,-0.054947056,-0.041474115,-0.03708096,-0.018576998
316,0.9158988,0.46277303,0.49113134,1.5471084,1.0827937,0.45955372,-0.054912098,-0.041433442,-0.037134744,-0.018377727
317,0.9187972,0.4672743,0.49428067,1.559192,1.0854299,0.45466015,-0.054877527,-0.041393735,-0.03718856,-0.01817835
318,0.9216956,0.47181028,0.4974375,1.5713513,1.08803,0.4497546,-0.054843165,-0.04135491,-0.037242323,-0.017978823
319,0.92459404,0.47638136,0.5006014,1.5835873,1.090593,0.44483733,-0.05480934,-0.041317023,-0.03729608,-0.017779171
320,0.92749244,0.48098713,0.50377256,1.5959,1.0931187,0.4399081,-0.05477602,-0.041280054,-0.037349813,-0.017579371
321,0.93039083,0.48562872,0.5069509,1.6082898,1.0956062,0.43496725,-0.054743,-0.041244075,-0.037403584,-0.017379455
322,0.93328923,0.49030548,0.5101362,1.6207578,1.098055,0.4300153,-0.05471059,-0.04120911,-0.037457407,-0.017179446
323,0.9361876,0.495018,0.5133282,1.6333032,1.1004648,0.4250519,-0.054678924,-0.041175343,-0.037511453,-0.016979398
324,0.93908614,0.4997667,0.5165271,1.6459272,1.1028347,0.42007735,-0.054647706,-0.041142464,-0.03756543,-0.016779175
325,0.94198453,0.5045515,0.51973236,1.6586299,1.1051644,0.41509205,-0.05461719,-0.041110877,-0.03761971,-0.016578954
326,0.9448829,0.5093727,0.52294433,1.6714119,1.1074531,0.4100959,-0.0545874,-0.041080255,-0.037673987,-0.016378585
327,0.9477813,0.51423025,0.5261624,1.6842723,1.1097003,0.40508935,-0.054558314,-0.041051015,-0.03772864,-0.016178241
328,0.9506797,0.519125,0.5293869,1.6972132,1.1119056,0.4000722,-0.05453018,-0.041022822,-0.03778337,-0.015977766
329,0.9535781,0.5240568,0.5326174,1.7102343,1.114068,0.39504513,-0.05450269,-0.040995993,-0.037838448,-0.015777303
330,0.9564765,0.52902573,0.53585404,1.7233361,1.1161867,0.390008,-0.05447594,-0.04097018,-0.037893567,-0.015576692
331,0.959375,0.53403246,0.5390964,1.7365187,1.118262,0.3849608,-0.05445043,-0.04094597,-0.03794926,-0.015376146
332,0.9622734,0.53907657,0.54234445,1.7497826,1.1202925,0.37990433,-0.05442553,-0.040922917,-0.038005117,-0.015175512
333,0.9651718,0.5441591,0.5455982,1.7631283,1.1222779,0.37483838,-0.054401807,-0.04090116,-0.03806126,-0.014974821
334,0.9680702,0.5492797,0.54885733,1.7765559,1.1242175,0.36976323,-0.054379053,-0.04088065,-0.038117647,-0.014774051
335,0.97096866,0.5544389,0.5521222,1.7900661,1.1261106,0.364679,-0.054357134,-0.040861696,-0.038174562,-0.014573302
336,0.97386706,0.5596367,0.5553916,1.8036588,1.1279567,0.35958612,-0.054336585,-0.04084394,-0.038231667,-0.014372447
337,0.97676545,0.56487346,0.5586663,1.817335,1.1297551,0.35448462,-0.054317005,-0.040827744,-0.038289297,-0.014171599
338,0.97966385,0.5701496,0.5619463,1.8310947,1.131505,0.34937477,-0.054298423,-0.040812813,-0.038347185,-0.013970652
339,0.98256224,0.57546484,0.56523055,1.8449385,1.1332061,0.34425673,-0.054281004,-0.04079938,-0.038405538,-0.013769673
340,0.98546076,0.5808203,0.56852007,1.8588672,1.1348574,0.3391306,-0.054264866,-0.040787335,-0.038464263,-0.013568615
341,0.98835915,0.5862156,0.5718137,1.8728801,1.1364585,0.33399686,-0.05424995,-0.04077671,-0.038523376,-0.013367488
342,0.99125755,0.591651,0.5751118,1.8869778,1.1380085,0.3288559,-0.05423609,-0.04076755,-0.038582917,-0.0131663075
343,0.99415594,0.59712696,0.57841414,1.9011616,1.1395069,0.32370752,-0.054223664,-0.04075992,-0.038642958,-0.012965068
344,0.99705434,0.6026437,0.5817207,1.9154311,1.140953,0.31855214,-0.054212295,-0.040753618,-0.038703296,-0.012763701
345,0.99995273,0.6082013,0.58503103,1.929787,1.1423457,0.3133901,-0.054202296,-0.04074903,-0.0387643,-0.012562331
346,1.0028511,0.61380047,0.5883451,1.9442297,1.1436851,0.30822158,-0.05419361,-0.04074586,-0.0388257,-0.0123608485
347,1.0057497,0.6194412,0.59166324,1.95876,1.1449699,0.30304652,-0.054186173,-0.04074406,-0.038887423,-0.012159222
348,1.008648,0.62512356,0.59498465,1.9733772,1.1461995,0.29786572,-0.054180034,-0.040743638,-0.038949493,-0.0119574675
349,1.0115465,0.6308484,0.5983095,1.9880825,1.1473734,0.29267907,-0.05417513,-0.040745012,-0.039012305,-0.011755687
350,1.0144448,0.63661516,0.60163754,2.0028763,1.1484908,0.28748703,-0.054171793,-0.04074774,-0.03907543,-0.011553748
351,1.0173433,0.64242494,0.6049684,2.0177586,1.1495509,0.2822898,-0.054169662,-0.040751982,-0.039139025,-0.011351692
352,1.0202416,0.64827746,0.6083024,2.0327299,1.1505531,0.2770876,-0.054168813,-0.0407577,-0.039203048,-0.011149493
353,1.0231401,0.65417314,0.6116391,2.0477912,1.1514964,0.2718807,-0.054169334,-0.040764876,-0.039267484,-0.010947143
354,1.0260385,0.66011244,0.6149782,2.0629423,1.1523806,0.2666693,-0.054171212,-0.040773574,-0.03933239,-0.01074465
355,1.0289369,0.6660955,0.6183199,2.0781841,1.1532046,0.2614539,-0.05417452,-0.040783785,-0.039397758,-0.01054201
356,1.0318353,0.6721226,0.6216639,2.0935166,1.1539677,0.25623426,-0.05417911,-0.040795475,-0.039463554,-0.0103391865
357,1.0347338,0.6781942,0.62500995,2.1089401,1.154669,0.2510114,-0.05418504,-0.040808573,-0.039529704,-0.010136188
358,1.0376322,0.6843104,0.6283578,2.1244557,1.155308,0.24578536,-0.054192103,-0.040823106,-0.03959623,-0.009933002
359,1.0405306,0.6904713,0.63170743,2.1400635,1.1558843,0.24055618,-0.054200836,-0.040839173,-0.039663237,-0.00972964
360,1.043429,0.69667757,0.6350585,2.1557631,1.1563962,0.23532441,-0.05421061,-0.040856574,-0.039730515,-0.009526055
361,1.0463274,0.70292944,0.6384111,2.1715562,1.1568439,0.23009017,-0.054221876,-0.040875476,-0.039798237,-0.009322279
362,1.0492258,0.70922714,0.6417649,2.1874433,1.1572258,0.224854,-0.054234274,-0.04089588,-0.039866395,-0.00911831
363,1.0521243,0.7155709,0.6451197,2.203424,1.1575418,0.21961585,-0.054247938,-0.040917628,-0.039934836,-0.008914098
364,1.0550227,0.72196114,0.6484754,2.219499,1.1577905,0.2143766,-0.054263018,-0.040940747,-0.04000358,-0.008709666
365,1.057921,0.72839814,0.6518317,2.2356687,1.157972,0.20913607,-0.05427932,-0.040965352,-0.040072743,-0.008505017
366,1.0608195,0.734882,0.6551884,2.2519336,1.1580846,0.20389473,-0.054296754,-0.040991068,-0.04014195,-0.008300073
367,1.0637178,0.74141306,0.6585455,2.2682943,1.1581283,0.19865298,-0.054315336,-0.04101846,-0.040211763,-0.0080949515
368,1.0666163,0.7479919,0.6619026,2.2847512,1.1581018,0.19341116,-0.054335065,-0.04104698,-0.04028163,-0.007889541
369,1.0695146,0.754619,0.66525954,2.301305,1.1580042,0.18816952,-0.05435609,-0.041076973,-0.040351894,-0.0076839016
370,1.0724131,0.7612941,0.6686164,2.317956,1.1578349,0.18292844,-0.05437819,-0.041108206,-0.040422324,-0.0074779917
371,1.0753115,0.7680176,0.67197245,2.3347042,1.1575938,0.17768824,-0.054401405,-0.04114067,-0.04049291,-0.007271807
372,1.07821,0.7747904,0.6753281,2.3515513,1.157279,0.17244923,-0.054425485,-0.041174456,-0.040563732,-0.007065363
373,1.0811083,0.78161204,0.67868274,2.3684971,1.15689,0.16721193,-0.054450743,-0.04120955,-0.040634785,-0.0068586627
374,1.0840068,0.78848326,0.6820361,2.385542,1.1564264,0.16197667,-0.054476924,-0.041245803,-0.040705916,-0.006651683
375,1.0869052,0.7954043,0.6853881,2.4026864,1.1558872,0.15674374,-0.05450412,-0.041283324,-0.040777225,-0.0064444384
376,1.0898036,0.80237544,0.6887387,2.4199312,1.1552714,0.15151356,-0.054532148,-0.04132193,-0.040848535,-0.0062369066
377,1.092702,0.8093971,0.69208753,2.4372766,1.1545783,0.14628644,-0.05456098,-0.04136184,-0.04092006,-0.0060291192
378,1.0956004,0.8164693,0.69543433,2.4547238,1.1538073,0.14106274,-0.054590784,-0.04140286,-0.04099161,-0.00582105
379,1.098499,0.8235929,0.6987789,2.4722729,1.1529572,0.13584273,-0.054621257,-0.04144508,-0.04106327,-0.0056127138
380,1.1013973,0.8307676,0.7021209,2.489924,1.152027,0.13062723,-0.054652788,-0.041488387,-0.041134924,-0.005404113
381,1.1042957,0.8379942,0.70546037,2.5076783,1.1510165,0.12541631,-0.05468466,-0.041532867,-0.041206654,-0.005195254
382,1.1071941,0.84527266,0.7087968,2.5255358,1.1499248,0.12021054,-0.05471743,-0.04157827,-0.041278217,-0.0049861176
383,1.1100925,0.85260355,0.71213025,2.5434976,1.1487505,0.11501017,-0.054750748,-0.04162488,-0.04134989,-0.0047767377
384,1.1129909,0.85998696,0.71546024,2.5615644,1.1474932,0.10981576,-0.054784514,-0.041672617,-0.041421592,-0.004567118
385,1.1158893,0.86742365,0.7187866,2.5797367,1.1461521,0.104627445,-0.05481892,-0.04172112,-0.04149297,-0.0043572146
386,1.1187878,0.87491345,0.7221091,2.5980146,1.1447262,0.0994461,-0.05485379,-0.04177079,-0.041564412,-0.004147099
387,1.1216861,0.88245714,0.72542745,2.6163995,1.1432146,0.094271705,-0.05488912,-0.04182153,-0.041635826,-0.0039367494
388,1.1245846,0.8900548,0.7287415,2.6348917,1.1416167,0.089104764,-0.05492478,-0.041873127,-0.041707005,-0.00372616
389,1.127483,0.8977066,0.7320509,2.6534917,1.1399316,0.083946034,-0.05496072,-0.0419257,-0.04177806,-0.0035153641
390,1.1303815,0.905413,0.73535556,2.6722,1.1381582,0.07879573,-0.05499681,-0.04197917,-0.04184892,-0.0033043579
391,1.1332798,0.9131741,0.7386549,2.6910174,1.1362958,0.07365428,-0.05503317,-0.042033546,-0.04191958,-0.003093152
392,1.1361783,0.92099077,0.7419486,2.709945,1.1343436,0.068522215,-0.05506981,-0.04208897,-0.0419902,-0.0028817728
393,1.1390766,0.9288629,0.74523693,2.728983,1.132301,0.063400075,-0.055106394,-0.042145148,-0.042060476,-0.0026702157
394,1.141975,0.93679076,0.7485194,2.748132,1.1301669,0.05828809,-0.05514305,-0.042202137,-0.042130467,-0.0024584893
395,1.1448735,0.94477546,0.7517956,2.7673936,1.12794,0.05318688,-0.055179633,-0.042260095,-0.042200338,-0.0022466227
396,1.147772,0.9528163,0.75506526,2.786768,1.1256202,0.04809695,-0.05521617,-0.04231888,-0.04226994,-0.0020346246
397,1.1506703,0.960914,0.7583283,2.8062553,1.1232063,0.043018833,-0.0552525,-0.042378414,-0.042339206,-0.0018225077
398,1.1535687,0.9690691,0.7615842,2.825857,1.1206975,0.037952848,-0.05528865,-0.042438924,-0.042408362,-0.0016102915
399,1.1564671,0.97728133,0.76483256,2.8455732,1.1180931,0.032899577,-0.05532465,-0.042499993,-0.042476993,-0.0013979796
400,1.1593655,0.98555195,0.76807356,2.865406,1.1153921,0.027859462,-0.055360146,-0.04256203,-0.042545516,-0.0011856019
401,1.162264,0.9938803,0.77130663,2.8853548,1.1125937,0.022833183,-0.05539509,-0.042624786,-0.042613678,-0.0009731751
402,1.1651623,1.0022674,0.7745314,2.9054217,1.1096965,0.017821167,-0.055429988,-0.04268831,-0.04268153,-0.0007607153
403,1.1680608,1.0107135,0.7777479,2.9256063,1.1067007,0.012823686,-0.05546408,-0.042752534,-0.04274902,-0.00054823
404,1.1709592,1.0192189,0.7809555,2.945911,1.1036044,0.0078415945,-0.0554977,-0.04281754,-0.04281622,-0.00033575436
405,1.1738577,1.0277836,0.784154,2.9663346,1.1004077,0.0028754286,-0.055530645,-0.042883314,-0.04288314,-0.00012330775
406,1.176756,1.0364081,0.78734314,2.9868793,1.0971092,-0.0020744987,-0.055562876,-0.042949725,-0.04294963,8.9099085e-05
407,1.1796545,1.0450932,0.7905227,3.007546,1.0937082,-0.0070075467,-0.055594347,-0.04301686,-0.0430158,0.0003014402
408,1.1825528,1.0538385,0.79369205,3.028336,1.0902035,-0.01192309,-0.055624895,-0.043084636,-0.043081574,0.0005136898
409,1.1854513,1.0626448,0.7968512,3.0492485,1.0865948,-0.016820751,-0.055654533,-0.043153383,-0.04314728,0.00072583806
410,1.1883496,1.0715121,0.79999983,3.070286,1.082881,-0.021699604,-0.055683322,-0.043222576,-0.0432124,0.0009378392
411,1.1912482,1.0804412,0.80313766,3.0914502,1.0790612,-0.026559561,-0.055710994,-0.043292522,-0.043277252,0.0011496953
412,1.1941465,1.0894322,0.806264,3.1127403,1.0751345,-0.0313996,-0.055737622,-0.043363035,-0.04334166,0.0013613582
413,1.197045,1.0984849,0.80937856,3.1341584,1.0711004,-0.036219332,-0.055763073,-0.043434355,-0.043405868,0.0015728193
414,1.1999433,1.1076006,0.8124817,3.1557047,1.0669577,-0.04101828,-0.055787094,-0.04350646,-0.043469865,0.0017840598
415,1.2028418,1.1167792,0.8155725,3.1773815,1.0627058,-0.045795675,-0.05581007,-0.043579005,-0.043533314,0.0019950324
416,1.2057401,1.126021,0.81865054,3.1991894,1.0583434,-0.050551113,-0.055831604,-0.04365243,-0.043596666,0.0022057393
417,1.2086385,1.1353261,0.8217159,3.221129,1.0538703,-0.055283833,-0.05585193,-0.043726377,-0.04365957,0.0024161306
418,1.211537,1.1446954,0.824768,3.2432024,1.049285,-0.059993062,-0.055870406,-0.043801095,-0.043722294,0.0026261858
419,1.2144353,1.1541294,0.8278067,3.2654102,1.0445875,-0.06467867,-0.055887587,-0.043876465,-0.043784723,0.0028358933
420,1.2173338,1.1636276,0.8308314,3.2877548,1.0397761,-0.06933972,-0.05590319,-0.04395253,-0.04384691,0.0030452146
421,1.2202322,1.173191,0.833842,3.3102355,1.0348504,-0.07397543,-0.055917062,-0.044029236,-0.043908816,0.0032541119
422,1.2231307,1.1828197,0.8368381,3.332855,1.0298092,-0.07858558,-0.055929177,-0.044106506,-0.04397038,0.003462569
423,1.226029,1.1925141,0.83981943,3.355614,1.0246522,-0.08316904,-0.055939607,-0.044184655,-0.04403193,0.0036705607
424,1.2289275,1.2022744,0.84278524,3.378514,1.0193784,-0.087725535,-0.055948295,-0.044263385,-0.044093177,0.003878051
425,1.2318258,1.2121019,0.8457359,3.401557,1.0139863,-0.09225418,-0.055954985,-0.044342853,-0.04415429,0.004085013
426,1.2347243,1.2219955,0.8486703,3.4247434,1.0084761,-0.09675452,-0.055959903,-0.044422902,-0.044215135,0.004291414
427,1.2376227,1.231957,0.8515888,3.4480767,1.0028461,-0.10122599,-0.055962764,-0.044503774,-0.04427596,0.0044972487
428,1.2405212,1.2419857,0.8544905,3.471556,0.997096,-0.10566744,-0.0559636,-0.044585347,-0.044336665,0.0047024577
429,1.2434195,1.2520826,0.8573755,3.4951842,0.9912247,-0.11007856,-0.05596233,-0.044667553,-0.0443972,0.004907016
430,1.246318,1.2622478,0.860243,3.5189624,0.98523134,-0.11445883,-0.05595904,-0.044750616,-0.0444578,0.0051109265
431,1.2492163,1.2724817,0.863093,3.542893,0.9791154,-0.11880703,-0.055953838,-0.04483423,-0.04451818,0.0053140996
432,1.2521148,1.2827849,0.8659251,3.5669768,0.97287554,-0.123122916,-0.055946104,-0.044918522,-0.04457849,0.005516537
433,1.2550132,1.2931578,0.86873853,3.5912166,0.96651113,-0.12740588,-0.05593645,-0.045003593,-0.04463883,0.0057182233
434,1.2579116,1.3036008,0.8715335,3.6156135,0.96002114,-0.13165474,-0.055924334,-0.045089398,-0.044699196,0.0059190993
435,1.26081,1.3141142,0.8743095,3.6401696,0.9534051,-0.13586932,-0.055910178,-0.045175888,-0.04475954,0.0061191497
436,1.2637085,1.3246988,0.877066,3.6648872,0.9466616,-0.14004874,-0.055893727,-0.045263045,-0.044819884,0.0063183308
437,1.2666069,1.3353547,0.8798028,3.6897678,0.9397904,-0.14419217,-0.05587492,-0.045351,-0.04488036,0.0065166224
438,1.2695053,1.3460822,0.8825194,3.7148128,0.9327905,-0.14829892,-0.05585394,-0.045439795,-0.04494104,0.0067139994
439,1.2724037,1.3568822,0.88521564,3.7400262,0.9256608,-0.1523685,-0.05583062,-0.045529235,-0.04500175,0.0069104102
440,1.275302,1.3677549,0.887891,3.7654088,0.91840035,-0.15639992,-0.05580508,-0.045619395,-0.045062587,0.007105818
441,1.2782005,1.3787006,0.8905451,3.7909622,0.91100854,-0.16039276,-0.055776976,-0.045710146,-0.04512344,0.0073001822
442,1.2810988,1.3897203,0.8931775,3.8166912,0.9034843,-0.16434611,-0.055746906,-0.045801736,-0.045184582,0.0074934983
443,1.2839974,1.4008144,0.8957881,3.8425968,0.8958265,-0.16825946,-0.05571445,-0.045894027,-0.0452459,0.007685719
444,1.2868958,1.411983,0.8983766,3.8686807,0.8880348,-0.1721319,-0.05567991,-0.045987062,-0.045307457,0.007876809
445,1.2897942,1.423227,0.9009421,3.8949459,0.88010824,-0.1759627,-0.05564303,-0.04608079,-0.045369234,0.008066722
446,1.2926925,1.4345468,0.90348446,3.921396,0.8720456,-0.17975122,-0.055604123,-0.04617512,-0.045431156,0.00825541
447,1.295591,1.4459428,0.9060034,3.9480324,0.8638458,-0.18349665,-0.055563085,-0.04627023,-0.04549343,0.008442866
448,1.2984893,1.4574156,0.9084984,3.9748588,0.85550857,-0.1871985,-0.05551987,-0.046366036,-0.045555998,0.008629047
449,1.3013878,1.4689662,0.91096956,4.0018783,0.84703237,-0.19085597,-0.055474706,-0.04646238,-0.045618724,0.008813885
450,1.3042862,1.4805948,0.91341573,4.029093,0.83841646,-0.1944682,-0.055427752,-0.046559364,-0.045681745,0.008997355
451,1.3071846,1.4923021,0.9158371,4.056506,0.8296598,-0.19803484,-0.055378906,-0.04665705,-0.04574514,0.009179445
452,1.310083,1.5040888,0.9182328,4.084123,0.8207613,-0.20155504,-0.055328317,-0.046755545,-0.04580905,0.009360138
453,1.3129815,1.5159554,0.9206029,4.1119437,0.8117206,-0.20502785,-0.055276103,-0.046854246,-0.045872897,0.009539263
454,1.31588,1.5279025,0.92294663,4.1399736,0.8025362,-0.20845278,-0.055222593,-0.04695376,-0.04593732,0.009716912
455,1.3187783,1.5399305,0.9252637,4.1682153,0.7932074,-0.211829,-0.055167325,-0.04705368,-0.046001937,0.009892959
456,1.3216767,1.5520407,0.92755383,4.1966724,0.7837328,-0.21515605,-0.055110894,-0.04715423,-0.046067,0.010067422
457,1.3245751,1.5642332,0.9298164,4.2253494,0.7741118,-0.21843317,-0.05505333,-0.047255266,-0.046132397,0.010240231
458,1.3274735,1.5765092,0.93205124,4.2542496,0.76434267,-0.22165976,-0.054994605,-0.047356695,-0.046198063,0.010411326
459,1.330372,1.5888695,0.93425775,4.283378,0.7544249,-0.22483502,-0.05493518,-0.047458477,-0.046263993,0.010580656
460,1.3332704,1.6013145,0.93643546,4.3127375,0.74435776,-0.2279583,-0.054875113,-0.047560725,-0.046330318,0.010748207
461,1.3361688,1.6138446,0.938584,4.342332,0.7341396,-0.23102887,-0.05481454,-0.047663324,-0.046396974,0.010913909
462,1.3390672,1.6264608,0.9407026,4.372166,0.7237695,-0.2340462,-0.054753415,-0.047766216,-0.046463918,0.011077716
463,1.3419656,1.6391642,0.9427915,4.402245,0.7132465,-0.23700978,-0.054692395,-0.04786934,-0.046531122,0.01123958
464,1.344864,1.6519552,0.9448498,4.432573,0.7025695,-0.23991884,-0.05463124,-0.047972806,-0.046598736,0.01139948
465,1.3477625,1.6648349,0.946877,4.4631543,0.69173723,-0.24277268,-0.054570384,-0.04807642,-0.04666659,0.0115573285
466,1.3506608,1.677804,0.948873,4.493994,0.68074876,-0.24557082,-0.05451023,-0.048180133,-0.04673467,0.011713075
467,1.3535593,1.6908631,0.95083684,4.5250974,0.6696027,-0.24831267,-0.05445052,-0.048283845,-0.04680291,0.011866658
468,1.3564577,1.7040137,0.95276827,4.5564704,0.65829796,-0.2509976,-0.054391824,-0.048387695,-0.046871472,0.0120180715
469,1.3593562,1.7172563,0.9546669,4.588116,0.6468332,-0.2536249,-0.05433423,-0.04849156,-0.04694028,0.012167236
470,1.3622545,1.7305912,0.9565321,4.620042,0.6352078,-0.25619394,-0.05427783,-0.04859531,-0.04700923,0.0123140775
471,1.365153,1.7440194,0.9583635,4.6522512,0.6234203,-0.25870463,-0.054223172,-0.048698902,-0.047078308,0.0124585675
472,1.3680513,1.7575423,0.9601604,4.6847525,0.6114696,-0.26115593,-0.05417023,-0.048802447,-0.04714766,0.012600668
473,1.3709497,1.7711601,0.96192247,4.7175493,0.59935457,-0.26354748,-0.05411931,-0.04890579,-0.047217168,0.01274031
474,1.3738481,1.7848747,0.9636492,4.750649,0.58707356,-0.26587865,-0.05407042,-0.049008753,-0.04728668,0.0128774
475,1.3767467,1.7986864,0.96534014,4.7840586,0.57462573,-0.26814908,-0.0540243,-0.04911141,-0.047356315,0.013011927
476,1.379645,1.8125958,0.9669944,4.817782,0.56200993,-0.27035806,-0.053980626,-0.04921367,-0.047426,0.013143816
477,1.3825434,1.8266039,0.968612,4.8518267,0.5492251,-0.272505,-0.053939767,-0.04931563,-0.04749587,0.013273047
478,1.3854418,1.8407115,0.97019213,4.8862,0.53627,-0.27458972,-0.05390189,-0.049417175,-0.047565836,0.013399568
479,1.3883402,1.8549199,0.9717341,4.920908,0.5231431,-0.27661142,-0.053867288,-0.0495181,-0.047635738,0.013523268
480,1.3912387,1.8692299,0.9732377,4.955959,0.5098436,-0.2785696,-0.0538358,-0.04961848,-0.047705673,0.0136441225
481,1.394137,1.8836423,0.9747023,4.9913588,0.4963699,-0.28046384,-0.0538077,-0.049718358,-0.04777572,0.013762112
482,1.3970355,1.8981581,0.9761271,5.027116,0.48272097,-0.28229344,-0.053783186,-0.049817532,-0.04784571,0.013877124
483,1.3999338,1.912778,0.97751194,5.063239,0.46889567,-0.28405818,-0.05376228,-0.049916208,-0.047915865,0.0139891915
484,1.4028324,1.927504,0.9788564,5.0997357,0.45489237,-0.28575715,-0.05374498,-0.050014123,-0.047985975,0.01409818
485,1.4057307,1.9423355,0.98015946,5.136614,0.4407102,-0.28739005,-0.053731076,-0.050111458,-0.048056234,0.014204106
486,1.4086292,1.9572738,0.9814208,5.1738815,0.42634827,-0.28895608,-0.053720973,-0.050207987,-0.04812646,0.0143068535
487,1.4115275,1.9723208,0.9826401,5.2115493,0.41180453,-0.29045486,-0.053714238,-0.05030381,-0.04819677,0.014406411
488,1.414426,1.9874768,0.98381644,5.249626,0.3970779,-0.29188564,-0.05371108,-0.05039899,-0.048267264,0.014502745
489,1.4173243,2.002743,0.98494965,5.288122,0.38216713,-0.29324767,-0.053711034,-0.050493415,-0.04833786,0.014595768
490,1.4202228,2.0181208,0.986039,5.327048,0.3670711,-0.29454035,-0.05371403,-0.05058723,-0.048408724,0.014685474
491,1.4231212,2.0336115,0.9870841,5.3664155,0.351787,-0.2957631,-0.053720154,-0.05068034,-0.0484798,0.014771795
492,1.4260197,2.0492158,0.98808414,5.4062343,0.33631513,-0.29691482,-0.053728826,-0.050772972,-0.048551336,0.014854723
493,1.428918,2.0649354,0.98903865,5.4465175,0.32065263,-0.29799473,-0.05373951,-0.050864838,-0.048623078,0.014934118
494,1.4318165,2.0807717,0.98994726,5.487278,0.3047981,-0.29900208,-0.05375222,-0.0509562,-0.04869532,0.015010001
495,1.4347148,2.0967257,0.99080926,5.5285306,0.28874978,-0.29993546,-0.053766184,-0.051047273,-0.048768297,0.015082354
496,1.4376132,2.1127996,0.99162453,5.570288,0.27250582,-0.30079424,-0.053781338,-0.051137857,-0.048841845,0.015151068
497,1.4405117,2.1289952,0.99239177,5.612567,0.2560636,-0.30157697,-0.05379691,-0.051228322,-0.04891635,0.015216164
498,1.44341,2.145314,0.9931107,5.655382,0.23942155,-0.30228272,-0.05381248,-0.05131851,-0.0489917,0.015277533
499,1.4463085,2.1617575,0.99378127,5.69875,0.22257684,-0.3029097,-0.05382722,-0.05140868,-0.04906817,0.015335143
500,1.449207,2.178329,0.99440235,5.74269,0.20552716,-0.3034572,-0.05384063,-0.051498897,-0.049145866,0.015388965
501,1.4521054,2.195029,0.99497336,5.7872176,0.18827058,-0.30392313,-0.053852044,-0.051589288,-0.04922494,0.015438912
502,1.4550037,2.211861,0.9954944,5.832352,0.17080452,-0.30430648,-0.053860404,-0.051680006,-0.04930557,0.015484963
503,1.4579022,2.2288253,0.99596447,5.8781114,0.15312634,-0.3046054,-0.053865425,-0.05177144,-0.04938816,0.015527124
504,1.4608005,2.2459257,0.9963828,5.924515,0.1352335,-0.3048185,-0.053866304,-0.051863417,-0.049472585,0.015565253
505,1.463699,2.263163,0.99674946,5.97158,0.11712416,-0.30494416,-0.05386173,-0.051956143,-0.049559083,0.015599309
506,1.4665973,2.2805395,0.9970643,6.0193253,0.09879626,-0.30498096,-0.053851448,-0.052050017,-0.049648046,0.01562932
507,1.4694959,2.2980561,0.9973267,6.067766,0.08024765,-0.30492747,-0.053834207,-0.05214511,-0.049739588,0.015655214
508,1.4723942,2.3157134,0.9975366,6.1169133,0.06147915,-0.30478257,-0.0538095,-0.052241333,-0.049833644,0.015676882
509,1.4752927,2.3335123,0.99769443,6.16678,0.04248956,-0.30454487,-0.053776406,-0.052339114,-0.049930654,0.015694357
510,1.478191,2.3514502,0.99780005,6.2173724,0.0232806,-0.30421445,-0.053733908,-0.05243869,-0.05003084,0.015707685
511,1.4810895,2.3695276,0.99785453,6.268694,0.0038542822,-0.30379054,-0.053681873,-0.05253993,-0.050134096,0.015716761
